ALBACETE,ALBACETE,CALLE,ONESIMO REDONDO
"ÁVILA",FONTIVEROS,CALLE,ONESIMO REDONDO
"ÁVILA",PEGUERINOS,CALLE,ONESIMO REDONDO
"ÁVILA",SANTO DOMINGO DE LAS POSADAS,CALLE,ONESIMO REDONDO
BURGOS,VALLARTA DE BUREBA,CALLE,ONESIMO REDONDO
CÁCERES,NAVALMORAL DE LA MATA,CALLE,ONESIMO REDONDO
CIUDAD REAL,RETUERTA DEL BULLAQUE,CALLE,ONESIMO REDONDO
CUENCA,VILLALPARDO,CALLE,ONESIMO REDONDO
JAÉN,CHICLANA DE SEGURA,CALLE,ONESIMO REDONDO
LEÓN,LAGUNA DE NEGRILLOS,CALLE,ONESIMO REDONDO
MADRID,GUADARRAMA,CALLE,ONESIMO REDONDO
MÁLAGA,ANTEQUERA,PLAZA,ONESIMO REDONDO
MURCIA,MORATALLA,CALLE,ONESIMO REDONDO
MURCIA,MURCIA,CALLE,ONESIMO REDONDO
MURCIA,MURCIA,TRVA,ONESIMO REDONDO
MURCIA,SAN JAVIER,CALLE,ONESIMO REDONDO
MURCIA,SAN PEDRO DEL PINATAR,CALLE,ONESIMO REDONDO
CANTABRIA,RAMALES DE LA VICTORIA,PLAZA,ONESIMO REDONDO
SEGOVIA,CANTALEJO,CALLE,ONESIMO REDONDO
SEGOVIA,FUENTERREBOLLO,CALLE,ONESIMO REDONDO
TOLEDO,FUENSALIDA,CALLE,ONESIMO REDONDO
TOLEDO,MOHEDAS DE LA JARA,CALLE,ONESIMO REDONDO
TOLEDO,VELADA,CALLE,ONESIMO REDONDO
VALLADOLID,ADALIA,CALLE,ONESIMO REDONDO
VALLADOLID,BERCERO,CALLE,ONESIMO REDONDO
VALLADOLID,BRAHOJOS DE MEDINA,CALLE,ONESIMO REDONDO
VALLADOLID,BRAHOJOS DE MEDINA,TRVA,ONESIMO REDONDO
VALLADOLID,CAMPASPERO,CALLE,ONESIMO REDONDO
VALLADOLID,CASASOLA DE ARIÓN,CALLE,ONESIMO REDONDO
VALLADOLID,CASTRILLO DE DUERO,CALLE,ONESIMO REDONDO
VALLADOLID,CASTROMEMBIBRE,CALLE,ONESIMO REDONDO
VALLADOLID,FUENTE EL SOL,CALLE,ONESIMO REDONDO
VALLADOLID,LANGAYO,CALLE,ONESIMO REDONDO
VALLADOLID,LANGAYO,TRVA,ONESIMO REDONDO
VALLADOLID,MEDINA DEL CAMPO,CALLE,ONESIMO REDONDO
VALLADOLID,OLIVARES DE DUERO,CALLE,ONESIMO REDONDO
VALLADOLID,PEDRAJA DE PORTILLO (LA),PLAZA,ONESIMO REDONDO
VALLADOLID,PESQUERA DE DUERO,CALLE,ONESIMO REDONDO
VALLADOLID,PIÑA DE ESGUEVA,CALLE,ONESIMO REDONDO
VALLADOLID,QUINTANILLA DE ONÉSIMO,PLAZA,ONESIMO REDONDO
VALLADOLID,SAN MIGUEL DEL PINO,CALLE,ONESIMO REDONDO
VALLADOLID,SAN PABLO DE LA MORALEJA,CALLE,ONESIMO REDONDO
VALLADOLID,SANTOVENIA DE PISUERGA,CALLE,ONESIMO REDONDO
VALLADOLID,TORRECILLA DE LA ORDEN,CALLE,ONESIMO REDONDO
VALLADOLID,VALDESTILLAS,CALLE,ONESIMO REDONDO
VALLADOLID,VELLIZA,CALLE,ONESIMO REDONDO
VALLADOLID,VENTOSA DE LA CUESTA,CALLE,ONESIMO REDONDO
VALLADOLID,VILLABARUZ DE CAMPOS,CALLE,ONESIMO REDONDO
VALLADOLID,VILLAFRECHÓS,CALLE,ONESIMO REDONDO
ZAMORA,MORALES DE REY,CALLE,ONESIMO REDONDO
MELILLA,MELILLA,PLAZA,ONESIMO REDONDO
ALICANTE / ALACANT,PINÓS (EL)/PINOSO,CALLE,RUIZ DE ALDA
"ÁVILA",PEGUERINOS,CALLE,RUIZ DE ALDA
BADAJOZ,MONTIJO,CALLE,RUIZ DE ALDA
BADAJOZ,PUEBLA DE ALCOCER,CALLE,RUIZ DE ALDA
CÁCERES,ACEITUNA,CALLE,RUIZ DE ALDA
CÁCERES,CONQUISTA DE LA SIERRA,CALLE,RUIZ DE ALDA
CÁCERES,MORALEJA,CALLE,RUIZ DE ALDA
CÁCERES,NAVALMORAL DE LA MATA,CALLE,RUIZ DE ALDA
CIUDAD REAL,CORTIJOS (LOS),CALLE,RUIZ DE ALDA (A)
CUENCA,PERALEJA (LA),CALLE,RUIZ DE ALDA
HUELVA,HUELVA,CALLE,RUIZ DE ALDA
HUELVA,PALOS DE LA FRONTERA,CALLE,RUIZ DE ALDA
HUESCA,ZAIDÍN,CALLE,RUIZ DE ALDA
JAÉN,MENGÍBAR,CALLE,RUIZ DE ALDA
MADRID,VALDEMORO,CALLE,RUIZ DE ALDA
MÁLAGA,ANTEQUERA,CALLE,RUIZ DE ALDA
MÁLAGA,MÁLAGA,CALLE,RUIZ DE ALDA
MURCIA,CARTAGENA,CALLE,RUIZ DE ALDA
MURCIA,SAN PEDRO DEL PINATAR,CALLE,RUIZ DE ALDA
NAVARRA,ARCOS (LOS),CALLE,RUIZ DE ALDA
NAVARRA,CARCASTILLO,CALLE,RUIZ DE ALDA
NAVARRA,CASTEJÓN,CALLE,RUIZ DE ALDA
NAVARRA,CORTES,CALLE,RUIZ DE ALDA
NAVARRA,MILAGRO,CALLE,RUIZ DE ALDA
NAVARRA,SANTACARA,CALLE,RUIZ DE ALDA
NAVARRA,SANTACARA,TRVA,RUIZ DE ALDA
"PALMAS, LAS",PALMAS DE GRAN CANARIA (LAS),CALLE,RUIZ DE ALDA
"PALMAS, LAS",PUERTO DEL ROSARIO,CALLE,RUIZ DE ALDA
CANTABRIA,SANTANDER,CALLE,RUIZ DE ALDA
CANTABRIA,SELAYA,CALLE,RUIZ DE ALDA
SEVILLA,OSUNA,CALLE,RUIZ DE ALDA
TOLEDO,FUENSALIDA,CALLE,RUIZ DE ALDA
TOLEDO,MORA,CALLE,RUIZ DE ALDA
TOLEDO,NAVAHERMOSA,CALLE,RUIZ DE ALDA
TOLEDO,VILLAFRANCA DE LOS CABALLEROS,CALLE,RUIZ DE ALDA
TOLEDO,VILLANUEVA DE ALCARDETE,CALLE,RUIZ DE ALDA
VALLADOLID,QUINTANILLA DE ONÉSIMO,CALLE,RUIZ DE ALDA
ALBACETE,ALBACETE,CALLE,CALVO SOTELO
ALBACETE,RODA (LA),CALLE,CALVO SOTELO
ALBACETE,VILLAVERDE DE GUADALIMAR,CALLE,CALVO SOTELO
ALBACETE,YESTE,PLAZA,CALVO SOTELO
ALICANTE / ALACANT,ALICANTE/ALACANT,PLAZA,CALVO SOTELO
ALICANTE / ALACANT,NOVELDA,CALLE,CALVO SOTELO
ALICANTE / ALACANT,TEULADA,CALLE,CALVO SOTELO
ALICANTE / ALACANT,PILAR DE LA HORADADA,CALLE,CALVO SOTELO
ALMERÍA,LÁUJAR DE ANDARAX,CALLE,CALVO SOTELO
ALMERÍA,SORBAS,PLAZA,CALVO SOTELO
"ÁVILA",ADRADA (LA),TRVA,CALVO SOTELO
"ÁVILA",ÁVILA,CALLE,CALVO SOTELO
"ÁVILA",BONILLA DE LA SIERRA,CALLE,CALVO SOTELO
"ÁVILA",FONTIVEROS,CALLE,CALVO SOTELO
"ÁVILA",GALLEGOS DE SOBRINOS,CALLE,CALVO SOTELO
"ÁVILA",GAVILANES,CALLE,CALVO SOTELO
"ÁVILA",MAMBLAS,PLAZA,CALVO SOTELO
"ÁVILA",MANCERA DE ARRIBA,CALLE,CALVO SOTELO
"ÁVILA",NAVALMORAL,CALLE,CALVO SOTELO
"ÁVILA",NAVALPERAL DE PINARES,PLAZA,CALVO SOTELO
"ÁVILA",PAPATRIGO,PLAZA,CALVO SOTELO
"ÁVILA",PEGUERINOS,CALLE,CALVO SOTELO
"ÁVILA",SAN JUAN DEL OLMO,CALLE,CALVO SOTELO
"ÁVILA",SAN JUAN DEL OLMO,TRVA,CALVO SOTELO
"ÁVILA",SANTA MARÍA DEL BERROCAL,CALLE,CALVO SOTELO
"ÁVILA",SANTA MARÍA DEL TIÉTAR,CALLE,CALVO SOTELO
"ÁVILA",SANTO DOMINGO DE LAS POSADAS,CALLE,CALVO SOTELO
"ÁVILA",VELAYOS,CALLE,CALVO SOTELO
"ÁVILA",VILLAFRANCA DE LA SIERRA,CALLE,CALVO SOTELO
"ÁVILA",VILLATORO,CALLE,CALVO SOTELO
"ÁVILA",VIÑEGRA DE MORAÑA,CALLE,CALVO SOTELO
BADAJOZ,ACEDERA,CALLE,CALVO SOTELO
BADAJOZ,FUENTES DE LEÓN,CALLE,CALVO SOTELO
BADAJOZ,GRANJA DE TORREHERMOSA,CALLE,CALVO SOTELO
BADAJOZ,PEÑALSORDO,CALLE,CALVO SOTELO
BADAJOZ,RENA,CALLE,CALVO SOTELO
BADAJOZ,ZARZA-CAPILLA,CALLE,CALVO SOTELO
BADAJOZ,ZARZA-CAPILLA,TRVA,CALVO SOTELO
"BALEARS, ILLES",POBLA (SA),CARRE,CALVO SOTELO
"BALEARS, ILLES",SANTANYÍ,C,"CALVO SOTELO, D'EN"
"BALEARS, ILLES",SON SERVERA,CARRE,"CALVO SOTELO, DE"
BURGOS,ARANDA DE DUERO,PLAZA,CALVO SOTELO
BURGOS,ESTÉPAR,PLAZA,CALVO SOTELO
BURGOS,MELGAR DE FERNAMENTAL,AVDA,CALVO SOTELO
BURGOS,MORADILLO DE ROA,CALLE,CALVO SOTELO
BURGOS,PALACIOS DE RIOPISUERGA,CALLE,CALVO SOTELO
BURGOS,PRESENCIO,CALLE,CALVO SOTELO
BURGOS,SANTA MARÍA DEL MERCADILLO,PLAZA,CALVO SOTELO
BURGOS,SANTA MARÍA RIVARREDONDA,CALLE,CALVO SOTELO
BURGOS,TÓRTOLES DE ESGUEVA,CALLE,CALVO SOTELO
BURGOS,VILLADIEGO,PLAZA,CALVO SOTELO
BURGOS,VILLADIEGO,TRVA,CALVO SOTELO
BURGOS,VILLARCAYO DE MERINDAD DE CASTILLA LA VIEJA,CALLE,CALVO SOTELO
BURGOS,VILLARCAYO DE MERINDAD DE CASTILLA LA VIEJA,TRVA,CALVO SOTELO
CÁCERES,ABADÍA,CALLE,CALVO SOTELO
CÁCERES,ALCÁNTARA,CALLE,CALVO SOTELO
CÁCERES,ALDEA DEL OBISPO (LA),CALLE,CALVO SOTELO
CÁCERES,CARRASCALEJO,CALLE,CALVO SOTELO
CÁCERES,CASARES DE LAS HURDES,CALLE,CALVO SOTELO
CÁCERES,CASAS DE DON GÓMEZ,CALLE,CALVO SOTELO
CÁCERES,CASAS DE MIRAVETE,CALLE,CALVO SOTELO
CÁCERES,CONQUISTA DE LA SIERRA,CALLE,CALVO SOTELO
CÁCERES,FRESNEDOSO DE IBOR,CALLE,CALVO SOTELO
CÁCERES,GARVÍN,PLAZA,CALVO SOTELO
CÁCERES,GUIJO DE CORIA,CALLE,CALVO SOTELO
CÁCERES,HINOJAL,PLAZA,CALVO SOTELO
CÁCERES,MOHEDAS DE GRANADILLA,CALLE,CALVO SOTELO
CÁCERES,NAVALMORAL DE LA MATA,CALLE,CALVO SOTELO
CÁCERES,OLIVA DE PLASENCIA,CALLE,CALVO SOTELO
CÁCERES,PERALEDA DE SAN ROMÁN,CALLE,CALVO SOTELO
CÁCERES,PLASENCIA,AVDA,CALVO SOTELO
CÁCERES,PLASENCIA,TRVA,CALVO SOTELO
CÁCERES,RUANES,CALLE,CALVO SOTELO
CÁCERES,SANTA CRUZ DE LA SIERRA,TRVA,CALVO SOTELO
CÁCERES,SANTA CRUZ DE LA SIERRA,CALLE,CALVO SOTELO
CÁCERES,SANTA CRUZ DE PANIAGUA,CALLE,CALVO SOTELO
CÁCERES,SANTIBÁÑEZ EL ALTO,PASEO,CALVO SOTELO
CÁCERES,TORREJÓN EL RUBIO,CALLE,CALVO SOTELO
CÁCERES,TORREJÓN EL RUBIO,TRVA,CALVO SOTELO
CÁCERES,TORREQUEMADA,CALLE,CALVO SOTELO
CÁCERES,VILLAMIEL,CALLE,CALVO SOTELO
CÁCERES,VILLAR DEL PEDROSO,CALLE,CALVO SOTELO
CÁCERES,ZARZA DE MONTÁNCHEZ,CALLE,CALVO SOTELO
CÁCERES,ZARZA DE MONTÁNCHEZ,TRVA,CALVO SOTELO
CÁDIZ,BARBATE,CALLE,CALVO SOTELO
CÁDIZ,PRADO DEL REY,CALLE,CALVO SOTELO
CASTELLÓN / CASTELLÓ,ZUCAINA,CALLE,CALVO SOTELO
CIUDAD REAL,CABEZARRUBIAS DEL PUERTO,CALLE,CALVO SOTELO
CIUDAD REAL,POZUELOS DE CALATRAVA (LOS),CALLE,CALVO SOTELO
CIUDAD REAL,SAN LORENZO DE CALATRAVA,CALLE,CALVO SOTELO
CIUDAD REAL,SOCUÉLLAMOS,PASEO,CALVO SOTELO
CIUDAD REAL,VILLARTA DE SAN JUAN,CALLE,CALVO SOTELO
"CORUÑA, A",CORUÑA (A),AVDA,CALVO SOTELO
CUENCA,ALCANTUD,CALLE,CALVO SOTELO
CUENCA,ALMENDROS,CALLE,CALVO SOTELO
CUENCA,BETETA,CALLE,CALVO SOTELO
CUENCA,GABALDÓN,CALLE,CALVO SOTELO
CUENCA,MONREAL DEL LLANO,CALLE,CALVO SOTELO
CUENCA,SANTA MARÍA DEL VAL,CALLE,CALVO SOTELO
CUENCA,TEJADILLOS,CALLE,CALVO SOTELO
CUENCA,TRAGACETE,PLAZA,CALVO SOTELO
CUENCA,VILLAGARCÍA DEL LLANO,CALLE,CALVO SOTELO
CUENCA,VILLAVERDE Y PASACONSOL,CALLE,CALVO SOTELO
GRANADA,ALBONDÓN,CALLE,CALVO SOTELO
GRANADA,BENAMAUREL,CALLE,CALVO SOTELO
GRANADA,CHAUCHINA,CALLE,CALVO SOTELO
GRANADA,CHURRIANA DE LA VEGA,CALLE,CALVO SOTELO
GUADALAJARA,ARANZUEQUE,CALLE,CALVO SOTELO
GUADALAJARA,CASA DE UCEDA,CALLE,CALVO SOTELO
GUADALAJARA,FUENTELENCINA,CALLE,CALVO SOTELO
GUADALAJARA,HUEVA,CALLE,CALVO SOTELO
GUADALAJARA,MUDUEX,AVDA,CALVO SOTELO
GUADALAJARA,PAREJA,AVDA,CALVO SOTELO
GUADALAJARA,ZAOREJAS,CALLE,CALVO SOTELO
HUESCA,MONZÓN,CALLE,CALVO SOTELO (SELGUA)
JAÉN,TORREDELCAMPO,CALLE,CALVO SOTELO
LEÓN,LAGUNA DE NEGRILLOS,CALLE,CALVO SOTELO
LEÓN,LEÓN,CALLE,CALVO SOTELO
LEÓN,PALACIOS DEL SIL,CALLE,CALVO SOTELO
LEÓN,POSADA DE VALDEÓN,CALLE,CALVO SOTELO
LEÓN,TORENO,CALLE,CALVO SOTELO
LEÓN,VALDEVIMBRE,CALLE,CALVO SOTELO
LEÓN,VALDEVIMBRE,TRVA,CALVO SOTELO
LEÓN,VILLABLINO,CALLE,CALVO SOTELO
LEÓN,VILLAFRANCA DEL BIERZO,AVDA,CALVO SOTELO
LEÓN,VILLAMONTÁN DE LA VALDUERNA,PLAZA,CALVO SOTELO
"RIOJA, LA",ALBELDA DE IREGUA,CALLE,CALVO SOTELO
"RIOJA, LA",BAÑOS DE RÍO TOBÍA,CALLE,CALVO SOTELO
"RIOJA, LA",BAÑOS DE RÍO TOBÍA,TRVA,CALVO SOTELO
"RIOJA, LA",CÁRDENAS,CALLE,CALVO SOTELO
"RIOJA, LA",OJACASTRO,PLAZA,CALVO SOTELO
"RIOJA, LA",OJACASTRO,TRVA,CALVO SOTELO
"RIOJA, LA",TRICIO,CALLE,CALVO SOTELO
"RIOJA, LA",VILLAR DE ARNEDO (EL),CALLE,CALVO SOTELO
LUGO,LOURENZÁ,RUA,CALVO SOTELO
LUGO,QUIROGA,RUA,CALVO SOTELO
LUGO,RIBADEO,PRAZA,CALVO SOTELO (DE)
LUGO,SARRIA,RUA,CALVO SOTELO
MADRID,BECERRIL DE LA SIERRA,AVDA,CALVO SOTELO (DE)
MADRID,BOADILLA DEL MONTE,CALLE,CALVO SOTELO (DE)
MADRID,BRAOJOS,PLAZA,CALVO SOTELO (DE)
MADRID,BREA DE TAJO,CALLE,CALVO SOTELO (DE)
MADRID,COLMENAR DEL ARROYO,CALLE,CALVO SOTELO
MADRID,COLMENAR DEL ARROYO,PLAZA,CALVO SOTELO (DE)
MADRID,GUADARRAMA,CALLE,CALVO SOTELO
MADRID,MADRID,CALLE,CALVO SOTELO
MADRID,MÓSTOLES,CALLE,CALVO SOTELO (DE)
MADRID,SOTO DEL REAL,CALLE,CALVO SOTELO
MADRID,VALDEOLMOS-ALALPARDO,CALLE,CALVO SOTELO (DE)
MADRID,VALDEOLMOS-ALALPARDO,CLLON,CALVO SOTELO
MADRID,VALDETORRES DE JARAMA,CALLE,CALVO SOTELO (DE)
MADRID,PUENTES VIEJAS,CALLE,CALVO SOTELO (DE)
MÁLAGA,CÁRTAMA,CALLE,CALVO SOTELO
MÁLAGA,MÁLAGA,PASEO,CALVO SOTELO
MÁLAGA,VILLANUEVA DE TAPIA,CALLE,CALVO SOTELO
MURCIA,ALBUDEITE,AVDA,CALVO SOTELO
MURCIA,BENIEL,AVDA,CALVO SOTELO
MURCIA,BLANCA,PLAZA,CALVO SOTELO
MURCIA,MURCIA,CALLE,CALVO SOTELO
MURCIA,SAN JAVIER,CALLE,CALVO SOTELO
MURCIA,SAN PEDRO DEL PINATAR,CALLE,CALVO SOTELO
MURCIA,TORRES DE COTILLAS (LAS),CALLE,CALVO SOTELO
MURCIA,ULEA,CALLE,CALVO SOTELO
OURENSE,BEARIZ,CALLE,CALVO SOTELO
OURENSE,CARBALLIÑO (O),AVDA,CALVO SOTELO (DE)
OURENSE,MELÓN,RUA,CALVO SOTELO
OURENSE,SAN CRISTOVO DE CEA,RUA,CALVO SOTELO
ASTURIAS,NAVIA,PROL,CALVO SOTELO
ASTURIAS,SOMIEDO,PLAZA,CALVO SOTELO
ASTURIAS,TINEO,CALLE,CALVO SOTELO
PALENCIA,ALAR DEL REY,CALLE,CALVO SOTELO
PALENCIA,ALAR DEL REY,TRVA,CALVO SOTELO
PALENCIA,BAQUERÍN DE CAMPOS,CALLE,CALVO SOTELO
PALENCIA,BELMONTE DE CAMPOS,CALLE,CALVO SOTELO
PALENCIA,CASTIL DE VELA,CALLE,CALVO SOTELO
PALENCIA,CERVERA DE PISUERGA,CALLE,CALVO SOTELO
PALENCIA,FRECHILLA,CALLE,CALVO SOTELO
PALENCIA,FUENTES DE NAVA,PLAZA,CALVO SOTELO
PALENCIA,GUAZA DE CAMPOS,PLAZA,CALVO SOTELO
PALENCIA,HERRERA DE PISUERGA,PLAZA,CALVO SOTELO
PALENCIA,HONTORIA DE CERRATO,PLAZA,CALVO SOTELO
PALENCIA,OSORNILLO,CALLE,CALVO SOTELO
PALENCIA,PAREDES DE NAVA,PLAZA,CALVO SOTELO
PALENCIA,QUINTANA DEL PUENTE,CALLE,CALVO SOTELO
PALENCIA,SAN ROMÁN DE LA CUBA,CALLE,CALVO SOTELO
PALENCIA,VALLE DE CERRATO,PLAZA,CALVO SOTELO
PALENCIA,VILLANUEVA DEL REBOLLAR,CALLE,CALVO SOTELO
PALENCIA,VILLAPROVEDO,CALLE,CALVO SOTELO
PALENCIA,OSORNO LA MAYOR,AVDA,CALVO SOTELO
PALENCIA,VALLE DEL RETORTILLO,CALLE,CALVO SOTELO
"PALMAS, LAS",ARUCAS,CALLE,CALVO SOTELO
"PALMAS, LAS",INGENIO,CALLE,CALVO SOTELO
"PALMAS, LAS",PALMAS DE GRAN CANARIA (LAS),CALLE,CALVO SOTELO
"PALMAS, LAS",PUERTO DEL ROSARIO,CALLE,CALVO SOTELO
"PALMAS, LAS",SANTA BRÍGIDA,CALLE,CALVO SOTELO
PONTEVEDRA,ESTRADA (A),RUA,CALVO SOTELO
PONTEVEDRA,AGOLADA,RUA,CALVO SOTELO
PONTEVEDRA,TUI,CALLE,CALVO SOTELO
SALAMANCA,ALDEASECA DE ALBA,CALLE,CALVO SOTELO
SALAMANCA,CANILLAS DE ABAJO,CALLE,CALVO SOTELO
SALAMANCA,CERECEDA DE LA SIERRA,CALLE,CALVO SOTELO
SALAMANCA,COCA DE ALBA,CALLE,CALVO SOTELO
SALAMANCA,ESPEJA,CALLE,CALVO SOTELO
SALAMANCA,FRADES DE LA SIERRA,CALLE,CALVO SOTELO
SALAMANCA,GALISANCHO,CALLE,CALVO SOTELO
SALAMANCA,GARCIHERNÁNDEZ,CALLE,CALVO SOTELO
SALAMANCA,GUIJUELO,CALLE,CALVO SOTELO
SALAMANCA,PAJARES DE LA LAGUNA,CALLE,CALVO SOTELO
SALAMANCA,PUEBLA DE AZABA,CALLE,CALVO SOTELO
SALAMANCA,SALMORAL,CALLE,CALVO SOTELO
SALAMANCA,VALDECARROS,CALLE,CALVO SOTELO
SALAMANCA,VILVESTRE,CALLE,CALVO SOTELO
SALAMANCA,VILVESTRE,TRAS,CALVO SOTELO
SANTA CRUZ DE TENERIFE,GARACHICO,CALLE,CALVO SOTELO
SANTA CRUZ DE TENERIFE,SAN CRISTÓBAL DE LA LAGUNA,AVDA,CALVO SOTELO
SANTA CRUZ DE TENERIFE,LLANOS DE ARIDANE (LOS),CALLE,CALVO SOTELO
SANTA CRUZ DE TENERIFE,SANTA CRUZ DE TENERIFE,CALLE,CALVO SOTELO
SANTA CRUZ DE TENERIFE,TANQUE (EL),CALLE,CALVO SOTELO
CANTABRIA,COMILLAS,CALLE,CALVO SOTELO
CANTABRIA,LAREDO,CALLE,CALVO SOTELO
CANTABRIA,MEDIO CUDEYO,AVDA,CALVO SOTELO
CANTABRIA,SANTANDER,CALLE,CALVO SOTELO
CANTABRIA,SANTOÑA,CALLE,CALVO SOTELO
CANTABRIA,SANTOÑA,TRVA,CALVO SOTELO
SEGOVIA,CANTALEJO,PLAZA,CALVO SOTELO
SEGOVIA,FUENTERREBOLLO,CALLE,CALVO SOTELO
SEGOVIA,NAVALILLA,CALLE,CALVO SOTELO
SEGOVIA,NAVALILLA,CLLON,CALVO SOTELO
SEGOVIA,SANCHONUÑO,CALLE,CALVO SOTELO
TERUEL,CAMINREAL,CALLE,CALVO SOTELO
TERUEL,CANTAVIEJA,CALLE,CALVO SOTELO
TERUEL,HUESA DEL COMÚN,PLAZA,CALVO SOTELO
TERUEL,SAN AGUSTÍN,CALLE,CALVO SOTELO
TERUEL,SANTA EULALIA,CALLE,CALVO SOTELO
TERUEL,VALBONA,PLAZA,CALVO SOTELO
TERUEL,VALBONA,CALLE,CALVO SOTELO
TERUEL,VILLAFRANCA DEL CAMPO,CALLE,CALVO SOTELO
TOLEDO,AZUTÁN,CALLE,CALVO SOTELO
TOLEDO,CERVERA DE LOS MONTES,CALLE,CALVO SOTELO
TOLEDO,COBISA,CALLE,CALVO SOTELO
TOLEDO,CUERVA,CALLE,CALVO SOTELO
TOLEDO,CHUECA,CALLE,CALVO SOTELO
TOLEDO,FUENSALIDA,CALLE,CALVO SOTELO
TOLEDO,GÁLVEZ,CALLE,CALVO SOTELO
TOLEDO,LAYOS,CALLE,CALVO SOTELO
TOLEDO,LUCILLOS,CALLE,CALVO SOTELO
TOLEDO,LUCILLOS,CLLON,CALVO SOTELO
TOLEDO,MAGÁN,CALLE,CALVO SOTELO
TOLEDO,MANZANEQUE,CALLE,CALVO SOTELO
TOLEDO,MARJALIZA,CALLE,CALVO SOTELO
TOLEDO,MARRUPE,CALLE,CALVO SOTELO
TOLEDO,MIGUEL ESTEBAN,CALLE,CALVO SOTELO
TOLEDO,MOCEJÓN,CALLE,CALVO SOTELO
TOLEDO,NAVAHERMOSA,AVDA,CALVO SOTELO
TOLEDO,NAVALCÁN,TRVA,CALVO SOTELO
TOLEDO,NAVALUCILLOS (LOS),CALLE,CALVO SOTELO
TOLEDO,NOEZ,CALLE,CALVO SOTELO
TOLEDO,RECAS,CALLE,CALVO SOTELO
TOLEDO,SEVILLEJA DE LA JARA,CALLE,CALVO SOTELO
TOLEDO,TURLEQUE,PLAZA,CALVO SOTELO
TOLEDO,VENTAS DE RETAMOSA (LAS),CALLE,CALVO SOTELO
TOLEDO,VILLAREJO DE MONTALBÁN,CALLE,CALVO SOTELO
TOLEDO,YEPES,CALLE,CALVO SOTELO
TOLEDO,YUNCLILLOS,PLAZA,CALVO SOTELO
TOLEDO,SANTO DOMINGO-CAUDILLA,CALLE,CALVO SOTELO
VALENCIA / VALÈNCIA,BOLBAITE,CALLE,CALVO SOTELO
VALENCIA / VALÈNCIA,CAMPORROBLES,CALLE,CALVO SOTELO
VALENCIA / VALÈNCIA,COTES,CARRE,CALVO SOTELO
VALENCIA / VALÈNCIA,LLOSA DE RANES (LA),CARRE,CALVO SOTELO
VALENCIA / VALÈNCIA,POBLA DE VALLBONA (LA),CALLE,CALVO SOTELO
VALENCIA / VALÈNCIA,TOUS,CALLE,CALVO SOTELO
VALENCIA / VALÈNCIA,TOUS,TRVA,CALVO SOTELO
VALENCIA / VALÈNCIA,YESA (LA),CALLE,CALVO SOTELO
VALLADOLID,CAMPORREDONDO,CALLE,CALVO SOTELO
VALLADOLID,CASASOLA DE ARIÓN,CALLE,CALVO SOTELO
VALLADOLID,CASTROMEMBIBRE,CALLE,CALVO SOTELO
VALLADOLID,FUENTE EL SOL,PLAZA,CALVO SOTELO
VALLADOLID,FUENTE EL SOL,CALLE,CALVO SOTELO
VALLADOLID,LANGAYO,CALLE,CALVO SOTELO
VALLADOLID,LANGAYO,CLLON,CALVO SOTELO
VALLADOLID,OLMEDO,CALLE,CALVO SOTELO
VALLADOLID,PIÑA DE ESGUEVA,CALLE,CALVO SOTELO
VALLADOLID,RENEDO DE ESGUEVA,CALLE,CALVO SOTELO
VALLADOLID,SALVADOR DE ZAPARDIEL,CALLE,CALVO SOTELO
VALLADOLID,SAN MIGUEL DEL PINO,CALLE,CALVO SOTELO
VALLADOLID,SAN PABLO DE LA MORALEJA,CALLE,CALVO SOTELO
VALLADOLID,SANTOVENIA DE PISUERGA,CALLE,CALVO SOTELO
VALLADOLID,TORRECILLA DE LA ORDEN,CALLE,CALVO SOTELO
VALLADOLID,VILLAVAQUERÍN,CALLE,CALVO SOTELO
ZAMORA,ALMEIDA DE SAYAGO,CALLE,CALVO SOTELO
ZAMORA,ALMEIDA DE SAYAGO,TRVA,CALVO SOTELO
ZAMORA,ASPARIEGOS,CALLE,CALVO SOTELO
ZAMORA,BUSTILLO DEL ORO,CALLE,CALVO SOTELO
ZAMORA,JAMBRINA,CALLE,CALVO SOTELO
ZAMORA,MORALES DE REY,CALLE,CALVO SOTELO
ZAMORA,QUINTANILLA DEL MONTE,CALLE,CALVO SOTELO
ZAMORA,SAN MIGUEL DEL VALLE,CALLE,CALVO SOTELO
ZAMORA,TÁBARA,CALLE,CALVO SOTELO
ZAMORA,VILLAFÁFILA,PLAZA,CALVO SOTELO
ZAMORA,VILLALONSO,CALLE,CALVO SOTELO
ZAMORA,VILLAMAYOR DE CAMPOS,CALLE,CALVO SOTELO
ZAMORA,VILLARRÍN DE CAMPOS,CALLE,CALVO SOTELO
ZAMORA,VIÑAS,CALLE,CALVO SOTELO
ZARAGOZA,CALATORAO,CALLE,CALVO SOTELO
ZARAGOZA,FIGUERUELAS,CALLE,CALVO SOTELO
ZARAGOZA,MORATA DE JALÓN,CALLE,CALVO SOTELO
ZARAGOZA,MUEL,CALLE,CALVO SOTELO
ZARAGOZA,POZUELO DE ARAGÓN,CALLE,CALVO SOTELO
ZARAGOZA,REMOLINOS,CALLE,CALVO SOTELO
ZARAGOZA,SAN MATEO DE GÁLLEGO,CALLE,CALVO SOTELO
ZARAGOZA,TABUENCA,CALLE,CALVO SOTELO
ZARAGOZA,TRASMOZ,CALLE,CALVO SOTELO
ZARAGOZA,UTEBO,CALLE,CALVO SOTELO
ZARAGOZA,VELILLA DE JILOCA,CALLE,CALVO SOTELO
ZARAGOZA,VILLANUEVA DE GÁLLEGO,CALLE,CALVO SOTELO
ALMERÍA,TRES VILLAS (LAS),CALLE,QUEIPO DE LLANO
"ÁVILA",GALLEGOS DE SOBRINOS,CALLE,GENERAL QUEIPO DE LLANO
"ÁVILA",LANZAHÍTA,CALLE,QUEIPO DE LLANO
"ÁVILA",SANTA MARÍA DEL TIÉTAR,CALLE,QUEIPO DE LLANO
BADAJOZ,PEÑALSORDO,CALLE,GENERAL QUEIPO DE LLANO
CÁCERES,BELVÍS DE MONROY,CALLE,QUEIPO DE LLANO
CÁCERES,GALISTEO,CALLE,QUEIPO DE LLANO
CÁCERES,GRANJA (LA),CALLE,GENERAL QUEIPO DE LLANO
CÁCERES,NAVALMORAL DE LA MATA,CALLE,GENERAL QUEIPO DE LLANO
CÁCERES,NAVALVILLAR DE IBOR,TRVA,GENERAL QUEIPO DE LLANO
CÁCERES,NAVALVILLAR DE IBOR,CALLE,GENERAL QUEIPO DE LLANO
CÁCERES,PERALEDA DE SAN ROMÁN,CALLE,GENERAL QUEIPO DE LLANO
CÁCERES,RUANES,CALLE,QUEIPO DE LLANO
CÁCERES,SANTIBÁÑEZ EL ALTO,CALLE,GENERAL QUEIPO DE LLANO
CIUDAD REAL,VILLARTA DE SAN JUAN,CALLE,QUEIPO DE LLANO
CUENCA,PERALEJA (LA),CALLE,QUEIPO DE LLANO
JAÉN,CHICLANA DE SEGURA,CALLE,QUEIPO DE LLANO
JAÉN,MANCHA REAL,CALLE,QUEIPO DE LLANO
LEÓN,LAGUNA DE NEGRILLOS,CALLE,QUEIPO DE LLANO
LEÓN,TORENO,PLAZA,QUEIPO DE LLANO
LEÓN,VALDEVIMBRE,CALLE,QUEIPO DE LLANO
LEÓN,VILLAMONTÁN DE LA VALDUERNA,CALLE,QUEIPO DE LLANO
MADRID,GUADARRAMA,CALLE,QUEIPO DE LLANO
MÁLAGA,FARAJÁN,CALLE,QUEIPO DE LLANO
MURCIA,SAN PEDRO DEL PINATAR,CALLE,QUEIPO DE LLANO
PALENCIA,ALAR DEL REY,CALLE,QUEIPO DE LLANO
PALENCIA,BAQUERÍN DE CAMPOS,CALLE,QUEIPO DE LLANO
PALENCIA,GUAZA DE CAMPOS,CALLE,GENERAL QUEIPO DE LLANO
PALENCIA,PAREDES DE NAVA,CALLE,QUEIPO DE LLANO
PALENCIA,REVILLA DE COLLAZOS,CALLE,QUEIPO DE LLANO
PALENCIA,VILLANUEVA DEL REBOLLAR,CALLE,QUEIPO DE LLANO
SALAMANCA,COLMENAR DE MONTEMAYOR,CALLE,QUEIPO DE LLANO
SALAMANCA,FRADES DE LA SIERRA,CALLE,GENERAL QUEIPO DE LLANO
SALAMANCA,MONTEJO,CALLE,QUEIPO DE LLANO
SALAMANCA,VENTOSA DEL RÍO ALMAR,CALLE,QUEIPO DE LLANO
SEGOVIA,FUENTERREBOLLO,CALLE,QUEIPO DE LLANO
TOLEDO,CARRICHES,CALLE,GENERAL QUEIPO DE LLANO
TOLEDO,CUERVA,CALLE,GENERAL QUEIPO DE LLANO
TOLEDO,FUENSALIDA,CALLE,QUEIPO DE LLANO
TOLEDO,VILLAREJO DE MONTALBÁN,CALLE,QUEIPO DE LLANO
TOLEDO,YUNCLILLOS,CALLE,QUEIPO DE LLANO
VALLADOLID,BRAHOJOS DE MEDINA,CALLE,QUEIPO DE LLANO
VALLADOLID,CASASOLA DE ARIÓN,CALLE,QUEIPO DE LLANO
VALLADOLID,CASASOLA DE ARIÓN,TRVA,QUEIPO DE LLANO I
VALLADOLID,CASASOLA DE ARIÓN,TRVA,QUEIPO DE LLANO II
VALLADOLID,TORRECILLA DE LA ORDEN,CALLE,QUEIPO DE LLANO
VALLADOLID,VALORIA LA BUENA,PLAZA,QUEIPO DE LLANO
VALLADOLID,VILLAFRECHÓS,CALLE,QUEIPO DE LLANO
ZAMORA,VADILLO DE LA GUAREÑA,CALLE,QUEIPO DE LLANO
ZAMORA,VILLALONSO,CALLE,QUEIPO DE LLANO
CEUTA,CEUTA,CALLE,QUEIPO DE LLANO
ALBACETE,GOLOSALVO,CALLE,GENERAL MOLA
ALBACETE,MUNERA,CALLE,GENERAL MOLA
ALBACETE,RODA (LA),CALLE,GENERAL MOLA
ALMERÍA,ALCÓNTAR,CALLE,GENERAL MOLA
"ÁVILA",GAVILANES,CALLE,GENERAL MOLA
"ÁVILA",MIRUEÑA DE LOS INFANZONES,TRVA,GENERAL MOLA
"ÁVILA",PAPATRIGO,CALLE,GENERAL MOLA
"ÁVILA",SAN JUAN DEL OLMO,CALLE,GENERAL MOLA
"ÁVILA",SANTA MARÍA DEL BERROCAL,CALLE,GENERAL MOLA
"ÁVILA",SANTO DOMINGO DE LAS POSADAS,CALLE,GENERAL MOLA
"ÁVILA",TÓRTOLES,CALLE,GENERAL MOLA
"BALEARS, ILLES",FELANITX,CARRE,MOLA
"BALEARS, ILLES",MAÓ-MAHÓN,CTRA,MOLA
BARCELONA,CASTELLAR DEL VALLÈS,C,MOLA
BARCELONA,CASTELLAR DEL VALLÈS,PTGE,MOLA
BARCELONA,RUBÍ,C,MOLA
BARCELONA,SABADELL,C,MOLA
BARCELONA,BARBERÀ DEL VALLÈS,C,MOLA
BARCELONA,TERRASSA,C,MOLA
BURGOS,CASCAJARES DE BUREBA,CALLE,GENERAL MOLA
BURGOS,MELGAR DE FERNAMENTAL,CALLE,GENERAL MOLA
BURGOS,OLMEDILLO DE ROA,TRVA,GENERAL MOLA
BURGOS,VALDEANDE,CALLE,GENERAL MOLA
BURGOS,VILLALDEMIRO,TRVA,GENERAL MOLA
BURGOS,VILLALDEMIRO,CALLE,GENERAL MOLA
BURGOS,MERINDAD DE RÍO UBIERNA,CALLE,MOLA
CÁCERES,ALCÁNTARA,PLAZA,GENERAL MOLA
CÁCERES,ALCÁNTARA,CALLE,GENERAL MOLA
CÁCERES,CARRASCALEJO,CALLE,GENERAL MOLA
CÁCERES,CASAS DE DON ANTONIO,CALLE,GENERAL MOLA
CÁCERES,FRESNEDOSO DE IBOR,CALLE,GENERAL MOLA
CÁCERES,GARVÍN,PLAZA,GENERAL MOLA
CÁCERES,MORALEJA,CALLE,GENERAL MOLA
CÁCERES,MORALEJA,TRVA,GENERAL MOLA
CÁCERES,NAVALVILLAR DE IBOR,TRVA,GENERAL MOLA
CÁCERES,NAVALVILLAR DE IBOR,CALLE,GENERAL MOLA
CÁCERES,RUANES,TRVA,GENERAL MOLA
CÁCERES,RUANES,CALLE,GENERAL MOLA
CÁCERES,SANTIBÁÑEZ EL ALTO,CALLE,GENERAL MOLA
CÁCERES,TORREQUEMADA,PLAZA,GENERAL MOLA
CÁCERES,VIANDAR DE LA VERA,CALLE,GENERAL MOLA
CÁCERES,VILLANUEVA DE LA SIERRA,CALLE,GENERAL MOLA
CÁCERES,ZARZA DE MONTÁNCHEZ,PLAZA,GENERAL MOLA
CÁCERES,ZARZA DE MONTÁNCHEZ,TRVA,GENERAL MOLA
CIUDAD REAL,VILLARTA DE SAN JUAN,CALLE,GENERAL MOLA
CIUDAD REAL,VILLARTA DE SAN JUAN,PLAZA,GENERAL MOLA
CUENCA,ALBERCA DE ZÁNCARA (LA),CALLE,GENERAL MOLA
CUENCA,ALMENDROS,CALLE,GENERAL MOLA
CUENCA,CASTEJÓN,CALLE,GENERAL MOLA
CUENCA,PERALEJA (LA),CALLE,GENERAL MOLA
CUENCA,SANTA MARÍA DEL VAL,CALLE,GENERAL MOLA
GRANADA,HUÉSCAR,CALLE,GENERAL MOLA
GUADALAJARA,CASTEJÓN DE HENARES,CALLE,GENERAL MOLA
GUADALAJARA,CASTEJÓN DE HENARES,TRVA,GENERAL MOLA
GUADALAJARA,PEÑALVER,PLAZA,GENERAL MOLA
GUADALAJARA,TORIJA,PLAZA,GENERAL MOLA
LEÓN,CASTROCONTRIGO,CALLE,GENERAL MOLA
LEÓN,TRUCHAS,CALLE,GENERAL MOLA
LEÓN,VALDERREY,CALLE,GENERAL MOLA
LEÓN,VILLAMONTÁN DE LA VALDUERNA,CALLE,GENERAL MOLA
LEÓN,VILLASELÁN,CALLE,GENERAL MOLA
"RIOJA, LA",TRICIO,CALLE,GENERAL MOLA
MADRID,BRAOJOS,CALLE,GENERAL MOLA (DEL)
MADRID,BRAOJOS,TRVA,GENERAL MOLA (DEL)
MADRID,GUADARRAMA,CALLE,GENERAL MOLA
MADRID,VALDETORRES DE JARAMA,CALLE,GENERAL MOLA (DEL)
MÁLAGA,ANTEQUERA,CALLE,GENERAL MOLA
MÁLAGA,FARAJÁN,CALLE,GENERAL MOLA
MURCIA,ALGUAZAS,CALLE,GENERAL MOLA
MURCIA,CARTAGENA,CALLE,GENERAL MOLA
MURCIA,CARTAGENA,TRVA,GENERAL MOLA
MURCIA,MURCIA,CALLE,GENERAL MOLA
MURCIA,SAN PEDRO DEL PINATAR,CALLE,GENERAL MOLA
NAVARRA,BARÁSOAIN,CALLE,GENERAL MOLA
NAVARRA,LAPOBLACIÓN,CALLE,GENERAL MOLA
NAVARRA,MENDIGORRÍA,CALLE,GENERAL MOLA
ASTURIAS,TINEO,PLAZA,GENERAL MOLA
PALENCIA,ALAR DEL REY,CALLE,GENERAL MOLA
PALENCIA,BAQUERÍN DE CAMPOS,CALLE,GENERAL MOLA
PALENCIA,BELMONTE DE CAMPOS,CALLE,GENERAL MOLA
PALENCIA,BOADILLA DEL CAMINO,CALLE,GENERAL MOLA
PALENCIA,BRAÑOSERA,CALLE,GENERAL MOLA
PALENCIA,CASTIL DE VELA,CALLE,GENERAL MOLA
PALENCIA,DEHESA DE MONTEJO,CALLE,GENERAL MOLA
PALENCIA,FRECHILLA,CALLE,GENERAL MOLA
PALENCIA,GUAZA DE CAMPOS,PLAZA,GENERAL MOLA
PALENCIA,OSORNILLO,CALLE,GENERAL MOLA
PALENCIA,PAREDES DE NAVA,CALLE,GENERAL MOLA
PALENCIA,PAREDES DE NAVA,TRVA,GENERAL MOLA
PALENCIA,SAN ROMÁN DE LA CUBA,CALLE,GENERAL MOLA
"PALMAS, LAS",INGENIO,CALLE,GENERAL MOLA
SALAMANCA,ATALAYA (LA),CALLE,GENERAL MOLA
SALAMANCA,FRADES DE LA SIERRA,CALLE,GENERAL MOLA
SALAMANCA,MONTEJO,PLAZA,GENERAL MOLA
SALAMANCA,SERRADILLA DEL LLANO,CALLE,GENERAL MOLA
SALAMANCA,VILLAR DE ARGAÑÁN,CALLE,GENERAL MOLA
CANTABRIA,COMILLAS,CALLE,GENERAL MOLA
CANTABRIA,SUANCES,CALLE,GENERAL MOLA
SEGOVIA,FUENTEPIÑEL,CALLE,GENERAL MOLA
SEGOVIA,FUENTERREBOLLO,CALLE,GENERAL MOLA
SEGOVIA,LASTRAS DE CUÉLLAR,PLAZA,GENERAL MOLA
SEGOVIA,LASTRAS DE CUÉLLAR,CALLE,GENERAL MOLA
SEGOVIA,NAVALILLA,CALLE,GENERAL MOLA
SEGOVIA,SACRAMENIA,CALLE,GENERAL MOLA
SORIA,NEPAS,PLAZA,GENERAL MOLA
SORIA,VOZMEDIANO,CALLE,GENERAL MOLA
TERUEL,CANTAVIEJA,CALLE,GENERAL MOLA
TOLEDO,AZUTÁN,CALLE,GENERAL MOLA
TOLEDO,CHUECA,CALLE,GENERAL MOLA
TOLEDO,FUENSALIDA,CALLE,GENERAL MOLA
TOLEDO,LAYOS,CALLE,GENERAL MOLA
TOLEDO,MARJALIZA,PLAZA,GENERAL MOLA
TOLEDO,MARRUPE,CALLE,GENERAL MOLA
TOLEDO,RECAS,CALLE,GENERAL MOLA
TOLEDO,VILLAREJO DE MONTALBÁN,CALLE,GENERAL MOLA
TOLEDO,YUNCLILLOS,CALLE,GENERAL MOLA
VALENCIA / VALÈNCIA,TOUS,CALLE,GENERAL MOLA
VALENCIA / VALÈNCIA,VALENCIA,C/,MOLA
VALLADOLID,BRAHOJOS DE MEDINA,CALLE,GENERAL MOLA
VALLADOLID,CASASOLA DE ARIÓN,CALLE,GENERAL MOLA
VALLADOLID,CASTRILLO DE DUERO,CALLE,GENERAL MOLA
VALLADOLID,FUENTE EL SOL,CALLE,GENERAL MOLA
VALLADOLID,SAN LLORENTE,CALLE,GENERAL MOLA
VALLADOLID,SAN PABLO DE LA MORALEJA,CALLE,GENERAL MOLA
VALLADOLID,TORRECILLA DE LA ORDEN,CALLE,GENERAL MOLA
VALLADOLID,VALORIA LA BUENA,CALLE,GENERAL MOLA
VALLADOLID,VILLANUEVA DE SAN MANCIO,CALLE,GENERAL MOLA
ZAMORA,ASPARIEGOS,CALLE,GENERAL MOLA
ZAMORA,BERMILLO DE SAYAGO,CALLE,GENERAL MOLA
ZAMORA,BRIME DE SOG,CALLE,GENERAL MOLA
ZAMORA,CORRALES DEL VINO,TRVA,GENERAL MOLA
ZAMORA,FONFRÍA,PLAZA,GENERAL MOLA
ZAMORA,SANTA EUFEMIA DEL BARCO,CALLE,GENERAL MOLA
ZAMORA,SANTA EUFEMIA DEL BARCO,TRVA,GENERAL MOLA
ZAMORA,VILLALONSO,CALLE,GENERAL MOLA
ZAMORA,VILLAMAYOR DE CAMPOS,CALLE,GENERAL MOLA
ZAMORA,VILLARRÍN DE CAMPOS,CALLE,GENERAL MOLA
ZAMORA,VILLAVEZA DE VALVERDE,CALLE,GENERAL MOLA
ZARAGOZA,FIGUERUELAS,CALLE,GENERAL MOLA
ZARAGOZA,MUEL,CALLE,GENERAL MOLA
ZARAGOZA,MUNÉBREGA,PLAZA,GENERAL MOLA
ZARAGOZA,TABUENCA,CALLE,GENERAL MOLA
ZARAGOZA,TRASMOZ,CALLE,GENERAL MOLA
MURCIA,TOTANA,CALLE,EMILIO MORA
ALBACETE,ELCHE DE LA SIERRA,TRVA,SANJURJO
"ÁVILA",BECEDILLAS,CALLE,SANJURJO
"ÁVILA",BECEDILLAS,CALLE,GENERAL SANJURJO
"ÁVILA",GALLEGOS DE SOBRINOS,CLLON,GENERAL SANJURJO
"ÁVILA",GALLEGOS DE SOBRINOS,CALLE,GENERAL SANJURJO
"ÁVILA",PAPATRIGO,CALLE,GENERAL SANJURJO
"ÁVILA",VILLATORO,CALLE,GENERAL SANJURJO
BADAJOZ,CRISTINA,CALLE,GENERAL SANJURJO
BADAJOZ,ZARZA-CAPILLA,CALLE,GENERAL SANJURJO
CÁCERES,MORALEJA,CALLE,GENERAL SANJURJO
CÁCERES,NAVALMORAL DE LA MATA,CALLE,GENERAL SANJURJO
CÁCERES,SANTA CRUZ DE LA SIERRA,CALLE,GENERAL SANJURJO
CIUDAD REAL,RETUERTA DEL BULLAQUE,CALLE,SANJURJO
CIUDAD REAL,RETUERTA DEL BULLAQUE,CALLE,GENERAL SANJURJO
CIUDAD REAL,VILLARTA DE SAN JUAN,CALLE,GENERAL SANJURJO
CUENCA,ALBERCA DE ZÁNCARA (LA),CALLE,GENERAL SANJURJO
CUENCA,VILLARES DEL SAZ,CALLE,GENERAL SANJURJO
HUELVA,ZALAMEA LA REAL,CALLE,GENERAL SANJURJO
JAÉN,MENGÍBAR,CALLE,GENERAL SANJURJO
LEÓN,LEÓN,CALLE,GENERAL SANJURJO
LEÓN,VALDERREY,CALLE,SANJURJO
LEÓN,VALDERREY,CALLE,GENERAL SANJURJO
LEÓN,VILLASELÁN,CALLE,GENERAL SANJURJO
"RIOJA, LA",LOGROÑO,CALLE,GENERAL SANJURJO
MURCIA,MURCIA,PLAZA,GENERAL SANJURJO
MURCIA,MURCIA,CALLE,GENERAL SANJURJO
MURCIA,SAN PEDRO DEL PINATAR,CALLE,GENERAL SANJURJO
PALENCIA,ALAR DEL REY,TRVA,GENERAL SANJURJO
SALAMANCA,ALMENARA DE TORMES,CALLE,SANJURJO
SALAMANCA,ALMENARA DE TORMES,CALLE,GENERAL SANJURJO
SALAMANCA,FRADES DE LA SIERRA,C,GENERAL SANJURJO
TARRAGONA,HORTA DE SANT JOAN,CALLE,GENERAL SANJURJO
TOLEDO,CHUECA,CALLE,GENERAL SANJURJO
TOLEDO,LAYOS,CALLE,GENERAL SANJURJO
TOLEDO,MARJALIZA,CLLON,GENERAL SANJURJO
TOLEDO,MEJORADA,CALLE,GENERAL SANJURJO
TOLEDO,MEJORADA,CALLE,GENERAL SANJURJO
TOLEDO,MIGUEL ESTEBAN,CALLE,GENERAL SANJURJO
TOLEDO,NAVAHERMOSA,CALLE,GENERAL SANJURJO
VALLADOLID,CASASOLA DE ARIÓN,CALLE,GENERAL SANJURJO
VALLADOLID,SALVADOR DE ZAPARDIEL,CALLE,GENERAL SANJURJO
ZAMORA,BUSTILLO DEL ORO,PLAZA,GENERAL SANJURJO
ZAMORA,VILLAFÁFILA,CALLE,GENERAL SANJURJO
ZAMORA,VILLALONSO,CALLE,GENERAL SANJURJO
ZARAGOZA,TABUENCA,CALLE,GENERAL SANJURJO
CÁCERES,CÁCERES,AVDA,MILLAN ASTRAY
CÁCERES,PLASENCIA,CALLE,MILLAN ASTRAY
CUENCA,ALBERCA DE ZÁNCARA (LA),CALLE,MILLAN ASTRAY
MURCIA,ALGUAZAS,CALLE,MILLAN ASTRAY
MURCIA,MOLINA DE SEGURA,CALLE,MILLAN ASTRAY
MURCIA,SAN JAVIER,CALLE,MILLAN ASTRAY
MURCIA,SAN PEDRO DEL PINATAR,CALLE,MILLAN ASTRAY
TOLEDO,FUENSALIDA,CALLE,MILLAN ASTRAY
ZAMORA,PIÑERO (EL),CALLE,MILLAN ASTRAY
CEUTA,CEUTA,CALLE,MILLAN ASTRAY
MELILLA,MELILLA,CALLE,"MILLAN ASTRAY, GENERAL"
"ÁVILA",MIRUEÑA DE LOS INFANZONES,CALLE,GENERAL YAGUE
"ÁVILA",SAN MIGUEL DE SERREZUELA,CALLE,GENERAL YAGUE
BADAJOZ,HELECHOSA DE LOS MONTES,CALLE,GENERAL YAGUE
BADAJOZ,PEÑALSORDO,CALLE,GENERAL YAGUE
BADAJOZ,PEÑALSORDO,TRVA,GENERAL YAGUE
BURGOS,TARDAJOS,AVDA,GENERAL YAGUE
BURGOS,VALDEANDE,TRVA,YAGUE
BURGOS,VILLALDEMIRO,CALLE,GENERAL YAGUE
BURGOS,VILLALDEMIRO,TRVA,GENERAL YAGUE
BURGOS,VALLE DE SEDANO,AVDA,GENERAL YAGUE
CÁCERES,CASAS DE MILLÁN,CALLE,GENERAL YAGUE
CÁCERES,MORALEJA,CALLE,GENERAL YAGUE
CÁCERES,PERALEDA DE SAN ROMÁN,CALLE,GENERAL YAGUE
LEÓN,LEÓN,CALLE,GENERAL YAGUE
"RIOJA, LA",LOGROÑO,CALLE,GENERAL YAGUE
MADRID,BERZOSA DEL LOZOYA,PLAZA,JUAN YAGÜE
MADRID,VILLAMANTILLA,CALLE,GENERAL YAGUE
MURCIA,MURCIA,CALLE,GENERAL YAGUE
SANTA CRUZ DE TENERIFE,LLANOS DE ARIDANE (LOS),CALLE,GENERAL YAGUE
SEGOVIA,FUENTERREBOLLO,CALLE,GENERAL YAGUE
SORIA,BURGO DE OSMA-CIUDAD DE OSMA,CALLE,JUAN YAGÜE
SORIA,SAN LEONARDO DE YAGÜE,PLAZA,GENERAL YAGUE
TERUEL,JATIEL,CALLE,GENERAL YAGUE
TOLEDO,AÑOVER DE TAJO,CALLE,GENERAL YAGUE
TOLEDO,FUENSALIDA,CALLE,GENERAL YAGUE
TOLEDO,NAVAHERMOSA,CALLE,GENERAL YAGUE
TOLEDO,RECAS,CALLE,GENERAL YAGUE
TOLEDO,RECAS,TRVA,GENERAL YAGUE
TOLEDO,VELADA,CALLE,GENERAL YAGUE
TOLEDO,YUNCLILLOS,CALLE,GENERAL YAGUE
VALLADOLID,PEÑAFIEL,CALLE,GENERAL YAGUE
ZAMORA,FONFRÍA,CALLE,GENERAL YAGUE
"ÁVILA",PAPATRIGO,CALLE,18 DE JULIO
CIUDAD REAL,PORZUNA,CALLE,18 DE JULIO (TO)
PALENCIA,ALAR DEL REY,CALLE,18 DE JULIO
CANTABRIA,CILLORIGO DE LIÉBANA,AVDA,18 DE JULIO
TOLEDO,FUENSALIDA,CALLE,18 DE JULIO
ALBACETE,BALSA DE VES,PLAZA,JOSE ANTONIO
ALBACETE,CASAS DE LÁZARO,CALLE,JOSE ANTONIO
ALBACETE,CHINCHILLA DE MONTE-ARAGÓN,CALLE,JOSE ANTONIO
ALBACETE,GOLOSALVO,CALLE,JOSE ANTONIO
ALICANTE / ALACANT,CASTELL DE CASTELLS,CALLE,JOSE ANTONIO
ALMERÍA,BENIZALÓN,CALLE,JOSE ANTONIO
ALMERÍA,HUÉRCAL DE ALMERÍA,CALLE,JOSE ANTONIO
ALMERÍA,LÁUJAR DE ANDARAX,CALLE,JOSE ANTONIO
ALMERÍA,LÍJAR,PLAZA,JOSE ANTONIO
ALMERÍA,TÍJOLA,AVDA,JOSE ANTONIO
"ÁVILA",ÁVILA,AVDA,JOSE ANTONIO
"ÁVILA",BONILLA DE LA SIERRA,CALLE,JOSE ANTONIO
"ÁVILA",CABEZAS DEL VILLAR,CALLE,JOSE ANTONIO PRIMO DE RIVERA
"ÁVILA",FONTIVEROS,CALLE,JOSE ANTONIO
"ÁVILA",FRESNO (EL),AVDA,JOSE ANTONIO (DE)
"ÁVILA",FRESNO (EL),TRVA,JOSE ANTONIO
"ÁVILA",GALLEGOS DE SOBRINOS,CALLE,JOSE ANTONIO PRIMO DE RIVERA
"ÁVILA",GAVILANES,AVDA,JOSE ANTONIO
"ÁVILA",LANZAHÍTA,CALLE,JOSE ANTONIO
"ÁVILA",MEDINILLA,CALLE,JOSE ANTONIO
"ÁVILA",MIRUEÑA DE LOS INFANZONES,CALLE,JOSE ANTONIO PRIMO DE RIVERA
"ÁVILA",NAVALMORAL,CALLE,JOSE ANTONIO
"ÁVILA",NAVALMORAL,TRVA,JOSE ANTONIO
"ÁVILA",SAN JUAN DE LA ENCINILLA,CALLE,JOSE ANTONIO
"ÁVILA",SAN JUAN DEL OLMO,CALLE,JOSE ANTONIO
"ÁVILA",SAN MIGUEL DE SERREZUELA,CALLE,JOSE ANTONIO PRIMO DE RIVERA
"ÁVILA",SANTA CRUZ DE PINARES,CALLE,JOSE ANTONIO
"ÁVILA",SANTA MARÍA DEL BERROCAL,CALLE,JOSE ANTONIO
"ÁVILA",SANTA MARÍA DEL TIÉTAR,AVDA,JOSE ANTONIO
"ÁVILA",SANTO DOMINGO DE LAS POSADAS,CALLE,JOSE ANTONIO
"ÁVILA",SANTO TOMÉ DE ZABARCOS,PLAZA,JOSE ANTONIO
"ÁVILA",SERRANILLOS,CALLE,JOSE ANTONIO
"ÁVILA",TIEMBLO (EL),CALLE,JOSE ANTONIO
"ÁVILA",TÓRTOLES,CALLE,JOSE ANTONIO
"ÁVILA",VELAYOS,AVDA,JOSE ANTONIO
"ÁVILA",VELAYOS,CALLE,PRIMO DE RIVERA
"ÁVILA",VILLAFRANCA DE LA SIERRA,PLAZA,JOSE ANTONIO
"ÁVILA",DIEGO DEL CARPIO,CALLE,JOSE ANTONIO
BADAJOZ,BADAJOZ,GRUP,JOSE ANTONIO
BADAJOZ,MONTEMOLÍN,CALLE,JOSE ANTONIO
BADAJOZ,PEÑALSORDO,CALLE,JOSE ANTONIO
BADAJOZ,RENA,CALLE,JOSE ANTONIO
BADAJOZ,VILLANUEVA DE LA SERENA,CALLE,JOSE ANTONIO
BADAJOZ,ZARZA-CAPILLA,CALLE,JOSE ANTONIO PRIMO DE RIVERA
BURGOS,ARANDA DE DUERO,PSAJE,PRIMO DE RIVERA
BURGOS,ARENILLAS DE RIOPISUERGA,CALLE,PRIMO DE RIVERA
BURGOS,CILLAPERLATA,PLAZA,JOSE ANTONIO PRIMO DE RIVERA
BURGOS,MELGAR DE FERNAMENTAL,AVDA,JOSE ANTONIO
BURGOS,MERINDAD DE MONTIJA,PLAZA,JOSE ANTONIO
BURGOS,MIRAVECHE,CALLE,JOSE ANTONIO
BURGOS,MORADILLO DE ROA,CALLE,JOSE ANTONIO
BURGOS,OLMEDILLO DE ROA,CLLJA,JOSE ANTONIO
BURGOS,PADILLA DE ARRIBA,CALLE,JOSE ANTONIO
BURGOS,PEDROSA DE DUERO,CALLE,JOSE ANTONIO
BURGOS,SANTA MARÍA DEL MERCADILLO,CALLE,JOSE ANTONIO
BURGOS,SASAMÓN,AVDA,JOSE ANTONIO
BURGOS,VILLALDEMIRO,CALLE,JOSE ANTONIO PRIMO DE RIVERA
CÁCERES,CARRASCALEJO,CALLE,JOSE ANTONIO
CÁCERES,CASARES DE LAS HURDES,CALLE,JOSE ANTONIO
CÁCERES,CASAS DE DON ANTONIO,PLAZA,JOSE ANTONIO
CÁCERES,CASAS DE DON GÓMEZ,CALLE,JOSE ANTONIO
CÁCERES,CASAS DE MILLÁN,CALLE,PRIMO DE RIVERA
CÁCERES,FRESNEDOSO DE IBOR,CALLE,PRIMO DE RIVERA
CÁCERES,FRESNEDOSO DE IBOR,CLLON,PRIMO DE RIVERA
CÁCERES,GARVÍN,CALLE,JOSE ANTONIO
CÁCERES,GORDO (EL),CALLE,JOSE ANTONIO
CÁCERES,GORDO (EL),TRVA,JOSE ANTONIO
CÁCERES,GUIJO DE CORIA,CALLE,JOSE ANTONIO
CÁCERES,LADRILLAR,CALLE,JOSE ANTONIO
CÁCERES,LADRILLAR,CALLE,PRIMO DE RIVERA
CÁCERES,MORALEJA,CALLE,PRIMO DE RIVERA
CÁCERES,NAVALVILLAR DE IBOR,CALLE,JOSE ANTONIO
CÁCERES,PERALEDA DE SAN ROMÁN,CALLE,JOSE ANTONIO
CÁCERES,RUANES,CALLE,JOSE ANTONIO
CÁCERES,SALVATIERRA DE SANTIAGO,AVDA,JOSE ANTONIO
CÁCERES,SANTIBÁÑEZ EL ALTO,CALLE,JOSE ANTONIO
CÁCERES,SAUCEDILLA,CALLE,JOSE ANTONIO
CÁCERES,SAUCEDILLA,TRVA,JOSE ANTONIO
CÁCERES,TORREJÓN EL RUBIO,PLAZA,JOSE ANTONIO
CÁCERES,TORREQUEMADA,PLAZA,JOSE ANTONIO
CÁCERES,VIANDAR DE LA VERA,CALLE,JOSE ANTONIO
CÁCERES,VILLAMIEL,CALLE,JOSE ANTONIO
CÁCERES,VILLAR DEL PEDROSO,CALLE,PRIMO DE RIVERA
CÁDIZ,ARCOS DE LA FRONTERA,CTRA,JOSE ANTONIO
CÁDIZ,JEREZ DE LA FRONTERA,CALLE,JOSE ANTONIO
CASTELLÓN / CASTELLÓ,CASTELLÓN DE LA PLANA/CASTELLÓ DE LA PLANA,GRUP,JOSE ANTONIO
CIUDAD REAL,CARRIZOSA,CALLE,JOSE ANTONIO
CIUDAD REAL,FUENTE EL FRESNO,CALLE,JOSE ANTONIO (B)
CIUDAD REAL,MALAGÓN,CALLE,JOSE ANTONIO (C)
CIUDAD REAL,MALAGÓN,CALLE,JOSE ANTONIO (P)
CIUDAD REAL,SAN LORENZO DE CALATRAVA,CALLE,JOSE ANTONIO
CÓRDOBA,FUENTE OBEJUNA,CALLE,PRIMO DE RIVERA
"CORUÑA, A",CORUÑA (A),AVDA,PRIMO DE RIVERA
CUENCA,ABIA DE LA OBISPALÍA,CALLE,JOSE ANTONIO
CUENCA,ALMENDROS,PLAZA,JOSE ANTONIO
CUENCA,ALMENDROS,CALLE,JOSE ANTONIO
CUENCA,ALMONACID DEL MARQUESADO,CALLE,JOSE ANTONIO
CUENCA,ARRANCACEPAS,CALLE,JOSE ANTONIO
CUENCA,CASTEJÓN,CALLE,JOSE ANTONIO
CUENCA,CASTILLO-ALBARÁÑEZ,CALLE,JOSE ANTONIO
CUENCA,HORCAJO DE SANTIAGO,CALLE,JOSÉ ANTONIO
CUENCA,HUETE,AVDA,JOSE ANTONIO
CUENCA,HUETE,CALLE,JOSE ANTONIO
CUENCA,LAGUNASECA,CALLE,JOSE ANTONIO
CUENCA,MASEGOSA,CALLE,JOSE ANTONIO
CUENCA,MASEGOSA,TRVA,JOSE ANTONIO
CUENCA,MONREAL DEL LLANO,CALLE,JOSE ANTONIO
CUENCA,MONTALBO,PLAZA,JOSE ANTONIO
CUENCA,MONTEAGUDO DE LAS SALINAS,PLAZA,JOSE ANTONIO
CUENCA,PORTALRUBIO DE GUADAMEJUD,CALLE,PRIMO DE RIVERA
CUENCA,PUEBLA DEL SALVADOR,CALLE,JOSE ANTONIO
CUENCA,SANTA MARÍA DEL VAL,CALLE,JOSE ANTONIO
CUENCA,TEJADILLOS,AVDA,JOSE ANTONIO
CUENCA,VELLISCA,CALLE,JOSE ANTONIO
CUENCA,VILLAESCUSA DE HARO,CALLE,JOSE ANTONIO
CUENCA,VILLAGARCÍA DEL LLANO,CALLE,JOSE ANTONIO
CUENCA,VILLAGARCÍA DEL LLANO,CALLE,PRIMO DE RIVERA
CUENCA,VILLALPARDO,AVDA,JOSE ANTONIO
CUENCA,VILLAREJO-PERIESTEBAN,CALLE,JOSE ANTONIO
CUENCA,VILLARES DEL SAZ,PLAZA,JOSE ANTONIO
CUENCA,VÍLLORA,CALLE,JOSE ANTONIO
CUENCA,CAMPOS DEL PARAÍSO,AVDA,JOSE ANTONIO
CUENCA,CAMPOS DEL PARAÍSO,CALLE,JOSE ANTONIO
GRANADA,ARENAS DEL REY,CALLE,JOSE ANTONIO
GRANADA,BENALÚA DE LAS VILLAS,CALLE,JOSE ANTONIO
GRANADA,CALICASAS,CALLE,JOSE ANTONIO
GRANADA,CORTES DE BAZA,CALLE,JOSE ANTONIO
GRANADA,JUN,CALLE,JOSE ANTONIO
GRANADA,QUÉNTAR,PLAZA,JOSE ANTONIO
GRANADA,ALPUJARRA DE LA SIERRA,AVDA,JOSE ANTONIO
GRANADA,ALPUJARRA DE LA SIERRA,PLCET,JOSE ANTONIO
GUADALAJARA,ALCOLEA DEL PINAR,CALLE,JOSE ANTONIO (DE)
GUADALAJARA,ALCOLEA DEL PINAR,CALLE,JOSE ANTONIO (GA)
GUADALAJARA,ALMONACID DE ZORITA,PLAZA,JOSE ANTONIO PRIMO DE RIVERA
GUADALAJARA,ANGUITA,PLAZA,JOSE ANTONIO
GUADALAJARA,ARANZUEQUE,CALLE,JOSE ANTONIO
GUADALAJARA,BRIHUEGA,CALLE,JOSE ANTONIO
GUADALAJARA,CASTEJÓN DE HENARES,CALLE,JOSE ANTONIO
GUADALAJARA,CORDUENTE,CALLE,JOSE ANTONIO (DE)
GUADALAJARA,LORANCA DE TAJUÑA,CALLE,JOSE ANTONIO
GUADALAJARA,MUDUEX,AVDA,JOSE ANTONIO
GUADALAJARA,PEÑALVER,CALLE,JOSE ANTONIO
GUADALAJARA,TAMAJÓN,CALLE,JOSE ANTONIO
HUESCA,ALBALATE DE CINCA,CALLE,JOSE ANTONIO
HUESCA,FONZ,CALLE,JOSE ANTONIO
HUESCA,PEÑAS DE RIGLOS (LAS),CALLE,JOSE ANTONIO
HUESCA,SARIÑENA,PLAZA,JOSE ANTONIO
HUESCA,LUPIÑÉN-ORTILLA,CALLE,JOSE ANTONIO
LEÓN,BEMBIBRE,CALLE,JOSE ANTONIO
LEÓN,BRAZUELO,CALLE,JOSE ANTONIO
LEÓN,CASTROCONTRIGO,AVDA,JOSE ANTONIO
LEÓN,LAGUNA DE NEGRILLOS,AVDA,JOSE ANTONIO
LEÓN,LEÓN,CALLE,JOSE ANTONIO
LEÓN,POBLADURA DE PELAYO GARCÍA,CALLE,JOSE ANTONIO
LEÓN,VALDERREY,CALLE,JOSE ANTONIO
LEÓN,VALDEVIMBRE,CALLE,PRIMO DE RIVERA
LEÓN,VECILLA (LA),CALLE,JOSE ANTONIO
LEÓN,VILLABLINO,TRVA,PRIMO DE RIVERA
LEÓN,VILLABLINO,CALLE,PRIMO DE RIVERA
LEÓN,VILLAMANDOS,CALLE,JOSE ANTONIO
LEÓN,VILLAMONTÁN DE LA VALDUERNA,CALLE,PRIMO DE RIVERA
LEÓN,VILLAMONTÁN DE LA VALDUERNA,CALLE,JOSE ANTONIO
LEÓN,VILLASELÁN,CALLE,JOSE ANTONIO
"RIOJA, LA",ALBELDA DE IREGUA,CALLE,JOSE ANTONIO
"RIOJA, LA",ALFARO,AVDA,JOSE ANTONIO
"RIOJA, LA",BAÑOS DE RÍO TOBÍA,CALLE,PRIMO DE RIVERA
"RIOJA, LA",PRADEJÓN,PLAZA,JOSE ANTONIO (DE)
LUGO,SARRIA,RUA,JOSE ANTONIO
MADRID,BECERRIL DE LA SIERRA,AVDA,JOSE ANTONIO (DE)
MADRID,BECERRIL DE LA SIERRA,TRVA,JOSE ANTONIO (DE)
MADRID,BOADILLA DEL MONTE,CALLE,JOSE ANTONIO (DE)
MADRID,COLMENAR DEL ARROYO,CALLE,JOSE ANTONIO (DE)
MADRID,COLLADO MEDIANO,CALLE,JOSE ANTONIO (DE)
MADRID,LOZOYA,CALLE,JOSE ANTONIO
MADRID,MANZANARES EL REAL,CALLE,JOSE ANTONIO (DE)
MADRID,POZUELO DE ALARCÓN,PLAZA,JOSE ANTONIO
MADRID,SANTA MARÍA DE LA ALAMEDA,CALLE,JOSE ANTONIO
MADRID,SEVILLA LA NUEVA,CALLE,JOSE ANTONIO
MADRID,VALDELAGUNA,CALLE,JOSE ANTONIO (DE)
MADRID,VALDELAGUNA,TRVA,JOSE ANTONIO (DE)
MADRID,VALDEOLMOS-ALALPARDO,CLLON,JOSE ANTONIO
MADRID,VALDETORRES DE JARAMA,PLAZA,JOSE ANTONIO (DE)
MADRID,VILLA DEL PRADO,CALLE,JOSE ANTONIO
MADRID,VILLAR DEL OLMO,PLAZA,JOSE ANTONIO (DE)
MÁLAGA,CÓMPETA,CALLE,JOSE ANTONIO
MÁLAGA,CORTES DE LA FRONTERA,CALLE,JOSE ANTONIO
MÁLAGA,FARAJÁN,CALLE,JOSE ANTONIO
MÁLAGA,JÚZCAR,CALLE,JOSE ANTONIO
MURCIA,ABANILLA,CLLON,JOSE ANTONIO
MURCIA,ABANILLA,AVDA,JOSE ANTONIO
MURCIA,ALEDO,AVDA,JOSE ANTONIO
MURCIA,CARTAGENA,CALLE,JOSE ANTONIO
MURCIA,CARTAGENA,PLAZA,PRIMO DE RIVERA
MURCIA,CARTAGENA,AVDA,JOSE ANTONIO
MURCIA,CARTAGENA,TRVA,JOSE ANTONIO
MURCIA,MOLINA DE SEGURA,CALLE,JOSE ANTONIO
MURCIA,MURCIA,CALLE,JOSE ANTONIO
MURCIA,MURCIA,TRVA,JOSE ANTONIO
MURCIA,RICOTE,CALLE,JOSE ANTONIO
MURCIA,SAN JAVIER,AVDA,JOSE ANTONIO
MURCIA,SAN PEDRO DEL PINATAR,CALLE,PRIMO DE RIVERA
MURCIA,TORRE-PACHECO,CALLE,JOSE ANTONIO
MURCIA,ULEA,CALLE,JOSE ANTONIO
OURENSE,BEARIZ,PLAZA,JOSE ANTONIO
OURENSE,BEARIZ,AVDA,JOSE ANTONIO (DE)
OURENSE,XUNQUEIRA DE AMBÍA,PLAZA,PRIMO DE RIVERA
OURENSE,MELÓN,PLAZA,JOSE ANTONIO
OURENSE,SAN CRISTOVO DE CEA,RUA,JOSE ANTONIO
ASTURIAS,PRAVIA,CALLE,PRIMO DE RIVERA
PALENCIA,ALAR DEL REY,CALLE,JOSE ANTONIO PRIMO DE RIVERA
PALENCIA,BAQUERÍN DE CAMPOS,CALLE,PRIMO DE RIVERA
PALENCIA,BECERRIL DE CAMPOS,AVDA,JOSE ANTONIO PRIMO DE RIVERA
PALENCIA,BECERRIL DE CAMPOS,CALLE,PRIMO DE RIVERA
PALENCIA,BELMONTE DE CAMPOS,CALLE,JOSE ANTONIO
PALENCIA,CAPILLAS,CALLE,JOSE ANTONIO
PALENCIA,FRECHILLA,AVDA,PRIMO DE RIVERA
PALENCIA,FRÓMISTA,CALLE,JOSE ANTONIO
PALENCIA,GUAZA DE CAMPOS,CALLE,JOSE ANTONIO
PALENCIA,OSORNILLO,CALLE,JOSE ANTONIO
PALENCIA,PAREDES DE NAVA,CALLE,PRIMO DE RIVERA
PALENCIA,REVILLA DE COLLAZOS,CALLE,JOSE ANTONIO
PALENCIA,SAN ROMÁN DE LA CUBA,CALLE,JOSE ANTONIO
PALENCIA,SAN ROMÁN DE LA CUBA,TRVA,JOSE ANTONIO
PALENCIA,SOTO DE CERRATO,CALLE,JOSE ANTONIO
PALENCIA,VILLANUEVA DEL REBOLLAR,CALLE,PRIMO DE RIVERA
PALENCIA,VILLAPROVEDO,CALLE,JOSE ANTONIO PRIMO DE RIVERA
PALENCIA,VILLARRABÉ,CALLE,JOSE ANTONIO
PALENCIA,VILLERÍAS DE CAMPOS,CALLE,JOSE ANTONIO PRIMO DE RIVERA
"PALMAS, LAS",ANTIGUA,CALLE,JOSE ANTONIO
"PALMAS, LAS",PALMAS DE GRAN CANARIA (LAS),MUELL,PRIMO DE RIVERA
PONTEVEDRA,CAMPO LAMEIRO,AVDA,JOSE ANTONIO
SALAMANCA,ATALAYA (LA),CALLE,JOSE ANTONIO
SALAMANCA,BÓVEDA DEL RÍO ALMAR,CALLE,JOSE ANTONIO
SALAMANCA,CALVARRASA DE ABAJO,CALLE,JOSE ANTONIO
SALAMANCA,CARBAJOSA DE LA SAGRADA,PLAZA,JOSE ANTONIO
SALAMANCA,CERRALBO,CALLE,JOSE ANTONIO
SALAMANCA,FRADES DE LA SIERRA,CALLE,JOSE ANTONIO
SALAMANCA,FRESNO ALHÁNDIGA,CALLE,JOSE ANTONIO
SALAMANCA,FUENTE DE SAN ESTEBAN (LA),CALLE,JOSE ANTONIO PRIMO DE RIVERA
SALAMANCA,GALLEGOS DE ARGAÑÁN,CALLE,JOSE ANTONIO
SALAMANCA,NAVALES,CALLE,JOSE ANTONIO
SALAMANCA,SALMORAL,CALLE,PRIMO DE RIVERA
SALAMANCA,VILVESTRE,CALLE,PRIMO DE RIVERA
SALAMANCA,VILVESTRE,TRAS,PRIMO DE RIVERA
SALAMANCA,VILLAR DE ARGAÑÁN,CALLE,JOSE ANTONIO
SALAMANCA,VILLARES DE LA REINA,CALLE,JOSE ANTONIO
SALAMANCA,VILLASECO DE LOS GAMITOS,CALLE,JOSE ANTONIO
SANTA CRUZ DE TENERIFE,SAN CRISTÓBAL DE LA LAGUNA,CALLE,JOSE ANTONIO (PROLONGACION)
SANTA CRUZ DE TENERIFE,SAN CRISTÓBAL DE LA LAGUNA,CALLE,JOSE ANTONIO
SANTA CRUZ DE TENERIFE,SAN JUAN DE LA RAMBLA,AVDA,JOSE ANTONIO
SANTA CRUZ DE TENERIFE,TANQUE (EL),CALLE,JOSE ANTONIO
CANTABRIA,SUANCES,AVDA,JOSE ANTONIO
SEGOVIA,CABEZUELA,CALLE,JOSE ANTONIO
SEGOVIA,FUENTERREBOLLO,AVDA,JOSE ANTONIO
SEGOVIA,HONRUBIA DE LA CUESTA,PLAZA,PRIMO DE RIVERA
SEGOVIA,NAVALILLA,CALLE,JOSE ANTONIO
SEGOVIA,NAVALILLA,CLLON,JOSE ANTONIO
SEGOVIA,SANCHONUÑO,CALLE,JOSE ANTONIO
SEGOVIA,TORREIGLESIAS,PLAZA,PRIMO DE RIVERA
SEGOVIA,TURÉGANO,PLAZA,JOSE ANTONIO
SORIA,ALMALUEZ,CALLE,PRIMO DE RIVERA
SORIA,ALMENAR DE SORIA,PLAZA,PRIMO DE RIVERA
SORIA,FRECHILLA DE ALMAZÁN,CALLE,PRIMO DE RIVERA
SORIA,GARRAY,CALLE,PRIMO DE RIVERA
SORIA,RENIEBLAS,CALLE,PRIMO DE RIVERA
SORIA,RETORTILLO DE SORIA,CALLE,PRIMO DE RIVERA
SORIA,SOLIEDRA,CALLE,PRIMO DE RIVERA
SORIA,TEJADO,CALLE,JOSE ANTONIO
SORIA,VALDELAGUA DEL CERRO,CALLE,PRIMO DE RIVERA
TERUEL,ALCORISA,PLAZA,JOSE ANTONIO
TERUEL,POZUEL DEL CAMPO,CALLE,PRIMO DE RIVERA
TERUEL,SAN AGUSTÍN,CALLE,JOSE ANTONIO
TERUEL,SANTA EULALIA,CALLE,JOSE ANTONIO
TERUEL,TERUEL,CALLE,JOSE ANTONIO
TOLEDO,ALBARREAL DE TAJO,CALLE,JOSE ANTONIO
TOLEDO,AZUTÁN,CALLE,JOSE ANTONIO
TOLEDO,CALZADA DE OROPESA,CALLE,JOSE ANTONIO
TOLEDO,CARRICHES,CALLE,JOSE ANTONIO
TOLEDO,CASTILLO DE BAYUELA,CALLE,JOSE ANTONIO
TOLEDO,CERVERA DE LOS MONTES,CALLE,JOSE ANTONIO
TOLEDO,CERVERA DE LOS MONTES,TRVA,JOSE ANTONIO
TOLEDO,COBEJA,CALLE,JOSE ANTONIO
TOLEDO,CUERVA,PLAZA,JOSE ANTONIO
TOLEDO,CHUECA,PLAZA,JOSE ANTONIO
TOLEDO,CHUECA,CALLE,JOSE ANTONIO
TOLEDO,ESCALONILLA,CALLE,JOSE ANTONIO
TOLEDO,FUENSALIDA,PLAZA,JOSE ANTONIO
TOLEDO,GÁLVEZ,CALLE,JOSE ANTONIO
TOLEDO,LAYOS,CALLE,JOSE ANTONIO
TOLEDO,LOMINCHAR,PLAZA,JOSE ANTONIO
TOLEDO,LUCILLOS,CALLE,PRIMO DE RIVERA
TOLEDO,LUCILLOS,TRVA,PRIMO DE RIVERA
TOLEDO,MAGÁN,CALLE,JOSE ANTONIO
TOLEDO,MALPICA DE TAJO,AVDA,JOSE ANTONIO
TOLEDO,MANZANEQUE,PLAZA,JOSE ANTONIO
TOLEDO,MARJALIZA,PLAZA,JOSE ANTONIO
TOLEDO,MARRUPE,CALLE,JOSE ANTONIO
TOLEDO,MIGUEL ESTEBAN,CALLE,JOSE ANTONIO
TOLEDO,NAVAHERMOSA,CALLE,PRIMO DE RIVERA
TOLEDO,NAVAHERMOSA,AVDA,JOSE ANTONIO
TOLEDO,OCAÑA,AVDA,JOSE ANTONIO
TOLEDO,QUISMONDO,CALLE,JOSE ANTONIO
TOLEDO,RECAS,CALLE,JOSE ANTONIO
TOLEDO,SEGURILLA,TRVA,JOSE ANTONIO
TOLEDO,TORRE DE ESTEBAN HAMBRÁN (LA),CALLE,JOSE ANTONIO
TOLEDO,TURLEQUE,CALLE,JOSE ANTONIO
TOLEDO,VENTAS DE RETAMOSA (LAS),CALLE,JOSE ANTONIO
TOLEDO,VILLAREJO DE MONTALBÁN,CALLE,JOSE ANTONIO
TOLEDO,VISO DE SAN JUAN (EL),CALLE,JOSE ANTONIO
TOLEDO,VISO DE SAN JUAN (EL),TRVA,JOSE ANTONIO
TOLEDO,YEPES,CALLE,JOSE ANTONIO
TOLEDO,YUNCLILLOS,PLAZA,JOSE ANTONIO
TOLEDO,SANTO DOMINGO-CAUDILLA,CALLE,JOSE ANTONIO
VALENCIA / VALÈNCIA,POBLA DE VALLBONA (LA),CALLE,JOSE ANTONIO
VALENCIA / VALÈNCIA,TOUS,AVDA,JOSE ANTONIO
VALENCIA / VALÈNCIA,YESA (LA),CALLE,JOSE ANTONIO
VALLADOLID,BRAHOJOS DE MEDINA,CALLE,JOSE ANTONIO
VALLADOLID,CAMPASPERO,AVDA,JOSE ANTONIO
VALLADOLID,CASASOLA DE ARIÓN,CALLE,JOSE ANTONIO PRIMO DE RIVERA
VALLADOLID,CASTRILLO DE DUERO,AVDA,JOSE ANTONIO
VALLADOLID,CASTRILLO DE DUERO,GRUPO,JOSE ANTONIO
VALLADOLID,CASTROMEMBIBRE,CALLE,JOSE ANTONIO
VALLADOLID,CASTROMEMBIBRE,CLLON,JOSE ANTONIO
VALLADOLID,FUENTE EL SOL,CALLE,JOSE ANTONIO
VALLADOLID,MAYORGA,CALLE,JOSE A. PRIMO DE RIVERA
VALLADOLID,MEDINA DEL CAMPO,CALLE,JOSE ANTONIO
VALLADOLID,NUEVA VILLA DE LAS TORRES,CALLE,JOSE ANTONIO
VALLADOLID,ROTURAS,CALLE,JOSE ANTONIO
VALLADOLID,SAN LLORENTE,CALLE,JOSE ANTONIO
VALLADOLID,SAN PABLO DE LA MORALEJA,CALLE,JOSE ANTONIO PRIMO DE RIVERA
VALLADOLID,TIEDRA,CALLE,PRIMO DE RIVERA
VALLADOLID,TORDESILLAS,CALLE,JOSE ANTONIO
VALLADOLID,TORRECILLA DE LA ORDEN,TRVA,JOSE ANTONIO
VALLADOLID,TORRECILLA DE LA ORDEN,CALLE,JOSE ANTONIO
VALLADOLID,TORRECILLA DE LA TORRE,AVDA,JOSE ANTONIO
VALLADOLID,UNIÓN DE CAMPOS (LA),PLAZA,JOSE ANTONIO
VALLADOLID,VALDENEBRO DE LOS VALLES,AVDA,JOSE ANTONIO
VALLADOLID,VALDUNQUILLO,CALLE,JOSE ANTONIO
VALLADOLID,VILLABARUZ DE CAMPOS,CALLE,JOSE ANTONIO
VALLADOLID,VILLACID DE CAMPOS,CALLE,JOSE ANTONIO
VALLADOLID,VILLANUEVA DE SAN MANCIO,CALLE,JOSE ANTONIO PRIMO DE RIVERA
VALLADOLID,VILLAVAQUERÍN,CALLE,JOSE ANTONIO
VALLADOLID,VILLAVAQUERÍN,TRVA,JOSE ANTONIO
ZAMORA,ASPARIEGOS,CALLE,PRIMO DE RIVERA
ZAMORA,BRIME DE SOG,CALLE,JOSE ANTONIO
ZAMORA,BRIME DE SOG,PLAZA,JOSE ANTONIO
ZAMORA,BRIME DE SOG,TRVA,JOSE ANTONIO
ZAMORA,BUSTILLO DEL ORO,CALLE,JOSE ANTONIO
ZAMORA,CERECINOS DEL CARRIZAL,CALLE,PRIMO DE RIVERA
ZAMORA,CERECINOS DEL CARRIZAL,CALLE,JOSE ANTONIO
ZAMORA,GUARRATE,CALLE,PRIMO DE RIVERA
ZAMORA,MAYALDE,CALLE,JOSE ANTONIO
ZAMORA,MICERECES DE TERA,PLAZA,JOSE ANTONIO
ZAMORA,MOMBUEY,CALLE,JOSE ANTONIO
ZAMORA,MORALES DE VALVERDE,CALLE,JOSE ANTONIO
ZAMORA,PAJARES DE LA LAMPREANA,CALLE,JOSE ANTONIO
ZAMORA,QUINTANILLA DEL MONTE,PLAZA,PRIMO DE RIVERA
ZAMORA,RIONEGRO DEL PUENTE,PLAZA,JOSE ANTONIO
ZAMORA,RIONEGRO DEL PUENTE,CALLE,JOSE ANTONIO
ZAMORA,RIONEGRO DEL PUENTE,TRVA,JOSE ANTONIO
ZAMORA,ROALES,CALLE,JOSE ANTONIO PRIMO DE RIVERA
ZAMORA,SAN CEBRIÁN DE CASTRO,CALLE,JOSE ANTONIO
ZAMORA,SANTA EUFEMIA DEL BARCO,CALLE,JOSE ANTONIO
ZAMORA,SANTA EUFEMIA DEL BARCO,TRVA,JOSE ANTONIO
ZAMORA,SANTA MARÍA DE LA VEGA,AVDA,PRIMO DE RIVERA
ZAMORA,TÁBARA,PLAZA,JOSE ANTONIO
ZAMORA,VILLALONSO,CALLE,JOSE ANTONIO
ZAMORA,VILLARRÍN DE CAMPOS,CALLE,JOSE ANTONIO
ZAMORA,VILLARRÍN DE CAMPOS,TRVA,JOSE ANTONIO
ZARAGOZA,CALATAYUD,PLAZA,PRIMO DE RIVERA
ZARAGOZA,CASPE,CALLE,PRIMO DE RIVERA
ZARAGOZA,CODO,CALLE,JOSE ANTONIO
ZARAGOZA,FIGUERUELAS,PLAZA,JOSE ANTONIO
ZARAGOZA,FUENDETODOS,CALLE,JOSE ANTONIO
ZARAGOZA,MIEDES DE ARAGÓN,CALLE,JOSE ANTONIO
ZARAGOZA,MORÉS,PLAZA,JOSE ANTONIO
ZARAGOZA,MUEL,CALLE,JOSE ANTONIO
ZARAGOZA,NAVARDÚN,PLAZA,JOSE ANTONIO
ZARAGOZA,TABUENCA,CALLE,JOSE ANTONIO
ZARAGOZA,TRASMOZ,CALLE,JOSE ANTONIO
ALBACETE,CASAS DE LÁZARO,CALLE,GENERALISIMO
ALBACETE,GOLOSALVO,CALLE,GENERALISIMO
ALMERÍA,TRES VILLAS (LAS),CALLE,GENERALISIMO
"ÁVILA",ÁVILA,PLAZA,GENERALISIMO
"ÁVILA",BONILLA DE LA SIERRA,CALLE,GENERALISIMO
"ÁVILA",CABEZAS DEL VILLAR,PLAZA,GENERALISIMO
"ÁVILA",FONTIVEROS,AVDA,GENERALISIMO
"ÁVILA",GAVILANES,PLAZA,GENERALISIMO
"ÁVILA",MEDINILLA,CALLE,GENERALISIMO
"ÁVILA",PAPATRIGO,PLAZA,GENERALISIMO
"ÁVILA",PAPATRIGO,CALLE,GENERALISIMO
"ÁVILA",SANTA MARÍA DEL BERROCAL,CALLE,GENERALISIMO FRANCO
"ÁVILA",SANTA MARÍA DEL TIÉTAR,PLAZA,GENERALISIMO
"ÁVILA",TIEMBLO (EL),CALLE,GENERALISIMO FRANCO
"ÁVILA",VELAYOS,CALLE,GENERALISIMO FRANCO
"ÁVILA",VILLAFRANCA DE LA SIERRA,CALLE,GENERALISIMO
BADAJOZ,PEÑALSORDO,CALLE,GENERALISIMO
BURGOS,BARBADILLO DEL MERCADO,PLAZA,GENERALISIMO
BURGOS,CANICOSA DE LA SIERRA,CALLE,GENERALISIMO
BURGOS,PRESENCIO,AVDA,GENERALISIMO
BURGOS,SASAMÓN,PLAZA,GENERALISIMO
BURGOS,MERINDAD DE RÍO UBIERNA,AVDA,GENERALISIMO
CÁCERES,CARRASCALEJO,CALLE,GENERALISIMO
CÁCERES,CARRASCALEJO,TRVA,GENERALISIMO
CÁCERES,CASAS DE DON GÓMEZ,CALLE,GENERALISIMO FRANCO
CÁCERES,COLLADO DE LA VERA,PLAZA,GENERALISIMO(VEGA MESILLAS)
CÁCERES,NAVALVILLAR DE IBOR,PLAZA,GENERALISIMO FRANCO
CÁCERES,VILLA DEL CAMPO,PLAZA,GENERALISIMO
CUENCA,ALCANTUD,PLAZA,GENERALISIMO
CUENCA,ALMENDROS,PLAZA,GENERALISIMO
CUENCA,ALMENDROS,TRVA,GENERALISIMO
CUENCA,CASTEJÓN,CALLE,GENERALISIMO
CUENCA,HUETE,CALLE,GENERALISIMO
CUENCA,LAGUNASECA,CALLE,GENERALISIMO
CUENCA,MASEGOSA,PLAZA,GENERALISIMO
CUENCA,MONREAL DEL LLANO,AVDA,GENERALISIMO
CUENCA,PAREDES,PLAZA,GENERALISIMO
CUENCA,REÍLLO,CALLE,GENERALISIMO
CUENCA,SANTA MARÍA DEL VAL,PLAZA,GENERALISIMO
CUENCA,VILLARES DEL SAZ,AVDA,GENERALISIMO
GRANADA,DIEZMA,CALLE,GENERALISIMO
GUADALAJARA,BRIHUEGA,PLAZA,GENERALISIMO
GUADALAJARA,CENDEJAS DE LA TORRE,CALLE,GENERALISIMO
GUADALAJARA,CORDUENTE,CALLE,GENERALISIMO
GUADALAJARA,GAJANEJOS,CALLE,GENERALISIMO
GUADALAJARA,HUÉRMECES DEL CERRO,CALLE,GENERALISIMO FRANCO
GUADALAJARA,LORANCA DE TAJUÑA,CALLE,GENERALISIMO
GUADALAJARA,MAZUECOS,CALLE,GENERALISIMO
GUADALAJARA,MAZUECOS,CLLON,GENERALISIMO
GUADALAJARA,PEÑALVER,CALLE,GENERALISIMO FRANCO
GUADALAJARA,TAMAJÓN,CALLE,GENERALISIMO
LEÓN,BUSTILLO DEL PÁRAMO,PLAZA,GENERALISIMO (EL)
LEÓN,CASTROCONTRIGO,CALLE,GENERALISIMO
LEÓN,CASTROCONTRIGO,PLAZA,GENERALISIMO
LEÓN,LEÓN,CALLE,GENERALISIMO FRANCO
LEÓN,PALACIOS DEL SIL,CALLE,GENERALISIMO
LEÓN,PALACIOS DEL SIL,AVDA,GENERALISIMO
LEÓN,TORENO,PLAZA,GENERALISIMO
LEÓN,TRUCHAS,CALLE,GENERALISIMO
LEÓN,VALDERREY,CALLE,GENERALISIMO
LEÓN,VAL DE SAN LORENZO,CALLE,GENERALISIMO
LEÓN,VECILLA (LA),CALLE,GENERALISIMO
LEÓN,VILLAFRANCA DEL BIERZO,PLAZA,GENERALISIMO
LEÓN,VILLAMONTÁN DE LA VALDUERNA,AVDA,GENERALISIMO
"RIOJA, LA",HERVÍAS,TRVA,GENERALISIMO
"RIOJA, LA",TRICIO,PLAZA,GENERALISIMO
MADRID,BRAOJOS,CALLE,GENERALISIMO (DEL)
MADRID,BRAOJOS,TRVA,GENERALISIMO (DEL)
MADRID,VALDELAGUNA,AVDA,GENERALISIMO (DEL)
MADRID,VILLA DEL PRADO,AVDA,GENERALISIMO (DEL)
MURCIA,OJÓS,AVDA,GENERALISIMO
OURENSE,BEARIZ,CALLE,GENERALISIMO
ASTURIAS,SOMIEDO,AVDA,GENERALISIMO
PALENCIA,ARCONADA,PLAZA,GENERALISIMO
PALENCIA,CEVICO NAVERO,AVDA,GENERALISIMO FRANCO
PALENCIA,LAGARTOS,PLAZA,GENERALISIMO
PALENCIA,POMAR DE VALDIVIA,PLAZA,GENERALISIMO
PALENCIA,VILLANUEVA DEL REBOLLAR,PLAZA,GENERALISIMO
PONTEVEDRA,AGOLADA,PLAZA,GENERALISIMO
PONTEVEDRA,PORRIÑO (O),PRAZA,GENERALISIMO
SALAMANCA,ATALAYA (LA),CALLE,GENERALISIMO FRANCO
SALAMANCA,CASTILLEJO DE MARTÍN VIEJO,CALLE,GENERALISIMO
SALAMANCA,COLMENAR DE MONTEMAYOR,CALLE,GENERALISIMO
SALAMANCA,FORFOLEDA,CALLE,GENERALISIMO
SALAMANCA,FRADES DE LA SIERRA,CALLE,GENERALISIMO
SALAMANCA,GOMECELLO,CALLE,GENERALISIMO
SALAMANCA,NAVAMORALES,CALLE,GENERALISIMO FRANCO
SALAMANCA,SERRADILLA DEL LLANO,CALLE,GENERALISIMO FRANCO
SALAMANCA,VILLAR DE ARGAÑÁN,CALLE,GENERALISIMO
SEGOVIA,CANTALEJO,PLAZA,GENERALISIMO
SEGOVIA,COBOS DE FUENTIDUEÑA,PLAZA,GENERALISIMO
SEGOVIA,FUENTERREBOLLO,AVDA,GENERALISIMO
SEGOVIA,PAJAREJOS,PLAZA,GENERALISIMO
SEGOVIA,VEGANZONES,PLAZA,GENERALISIMO
SORIA,MEDINACELI,PLAZA,GENERALISIMO (EL)
TERUEL,CASTELLOTE,PLAZA,GENERALISIMO
TERUEL,OBÓN,PLAZA,GENERALISIMO
TOLEDO,AZUTÁN,AVDA,GENERALISIMO
TOLEDO,CERVERA DE LOS MONTES,PLAZA,GENERALISIMO
TOLEDO,CUERVA,CALLE,GENERALISIMO
TOLEDO,CHUECA,CALLE,GENERALISIMO
TOLEDO,ESCALONILLA,PLAZA,GENERALISIMO
TOLEDO,FUENSALIDA,PLAZA,GENERALISIMO
TOLEDO,GÁLVEZ,PLAZA,GENERALISIMO
TOLEDO,LAYOS,PLAZA,GENERALISIMO
TOLEDO,MAGÁN,PLAZA,GENERALISIMO
TOLEDO,MARJALIZA,PLAZA,GENERALISIMO
TOLEDO,MIGUEL ESTEBAN,PLAZA,GENERALISIMO
TOLEDO,OCAÑA,AVDA,GENERALISIMO
TOLEDO,RECAS,CALLE,GENERALISIMO
TOLEDO,SAN ROMÁN DE LOS MONTES,CALLE,GENERALISIMO
TOLEDO,SANTA CRUZ DEL RETAMAR,CALLE,GENERALISIMO
TOLEDO,SEGURILLA,PLAZA,GENERALISIMO
TOLEDO,TURLEQUE,PLAZA,GENERALISIMO
TOLEDO,VISO DE SAN JUAN (EL),PLAZA,GENERALISIMO
VALLADOLID,CASTROMEMBIBRE,PLAZA,GENERALISIMO
VALLADOLID,CASTROMEMBIBRE,CLLON,GENERALISIMO
VALLADOLID,CASTROMEMBIBRE,TRVA,GENERALISIMO
VALLADOLID,SAN CEBRIÁN DE MAZOTE,CALLE,GENERALISIMO
VALLADOLID,SAN LLORENTE,CALLE,GENERALISIMO
VALLADOLID,TORRECILLA DE LA ORDEN,PLAZA,GENERALISIMO FRANCO
VALLADOLID,UNIÓN DE CAMPOS (LA),CALLE,GENERALISIMO
VALLADOLID,VALDUNQUILLO,AVDA,GENERALISIMO
VALLADOLID,VILLANUEVA DE SAN MANCIO,CALLE,GENERALISIMO
ZAMORA,ASPARIEGOS,PLAZA,GENERALISIMO FRANCO
ZAMORA,BRIME DE SOG,CALLE,GENERALISIMO
ZAMORA,CERECINOS DEL CARRIZAL,CALLE,GENERALISIMO
ZAMORA,CERECINOS DEL CARRIZAL,PLAZA,GENERALISIMO
ZAMORA,MANZANAL DE ARRIBA,CALLE,GENERALISIMO
ZAMORA,MICERECES DE TERA,CALLE,GENERALISIMO
ZAMORA,MICERECES DE TERA,TRVA,GENERALISIMO A CTRA AGUILAR
ZAMORA,PORTO,PLAZA,GENERALISIMO
ZAMORA,TÁBARA,CALLE,GENERALISIMO
ZAMORA,TÁBARA,CLLON,GENERALISIMO
ZAMORA,VILLALONSO,PLAZA,GENERALISIMO
ZAMORA,VILLAMAYOR DE CAMPOS,PLAZA,GENERALISIMO
ZAMORA,VILLARRÍN DE CAMPOS,CALLE,GENERALISIMO
